magnitude,felt,cdi,mmi,tsunami,sig,nst,dmin,rms,gap,depth,latitude,longitude,distanceKM,timezone
4.8,1893,6,5,0,994,37,0.287,0.48,70,4.044,32.3984,-102.044,33,-300
5.1,2042,6,5,0,1040,24,0,0.1,38,6.1279,32.414,-102.057,34,-300
3.7,1580,4,4,0,591,135,0.03294,0.28,99,10.9,34.0678,-118.807,6,-420
3.9,5,3,4,0,236,38,0,0.1,65,6.2024,31.647,-104.45,58,-300
4.1,4,3,4,0,260,28,0.043,0.26,67,8.814,31.6323,-104.473,60,-300
3.23,472,4,3,0,340,131,0.03137,0.26,88,10.95,34.0637,-118.812,6,-420
3.43,234,4,3,0,277,111,0.02408,0.29,92,11.02,34.0588,-118.799,5,-420
3.44,225,4,3,0,272,115,0.02561,0.31,84,10.93,34.0682,-118.8,7,-420
4.69,18592,5,5,1,818,145,0.03238,0.29,101,11.35,34.0703,-118.808,6,-420
3.5,0,0,3,0,188,14,0.301,0.1665,147.85,11.8,37.6127,-115.303,7,-420
3.8,5,3,4,0,224,32,0.1,0.2,66,6.1511,31.641,-104.356,56,-300
3.3,1,3,4,0,168,34,0,0.1,70,7.0227,31.586,-104.55,61,-300
3.8,2,3,4,0,223,45,0,0.1,66,6.0999,31.663,-104.452,57,-300
3.9,1,3,4,0,234,32,0.048,0.23,67,10,31.6305,-104.466,61,-300
3.35,13,4,4,0,178,41,0.08871,0.19,92,4.98,41.5833,-112.42,15,-360
3.94,2756,5,5,1,769,171,0.01545,0.23,15,4.84,34.0297,-117.586,4,-420
3.45,824,4,4,0,513,152,0.01628,0.22,20,5.96,34.0227,-117.593,5,-420
3.09,6,4,4,0,149,76,0.006999,0.08,39,-0.25,38.7893,-122.734,3,-420
4.28,241,5,5,1,398,121,0.009855,0.1,17,0.16,38.7765,-122.746,1,-420
3.17,11,3,2,0,158,94,0.1793,0.32,143,-0.1,33.7255,-118.599,22,-420
3.47,49,3,4,0,202,32,0.1282,0.12,53,5.29,38.6982,-119.598,18,-420
3.32,27,3,3,0,178,66,0.02036,0.12,49,11.39,36.07,-120.167,8,-420
3.1,0,0,3,0,148,24,0.196,0.187,114.78,8.3,37.741,-117.142,8,-420
3.1,0,0,3,0,148,10,0.453,0.67,124,5,37.743,-117.134,9,-420
3,0,0,3,0,138,32,0.5,0.69,38,5,37.7769,-117.067,16,-420
3.46,11,3,3,0,187,34,0.1385,0.07,64,9.43,37.432,-118.758,14,-420
3.14,5,3,2,0,153,89,0.1739,0.37,138,-0.11,33.7102,-118.628,21,-420
3.4,71,3,4,0,198,35,0.02849,0.05,64,3.36,37.4332,-118.469,7,-420
3.5,4,3,3,0,190,34,0.441,0.43,52,23.624,47.3504,-113.16,31,-360
3.4,0,0,4,0,178,25,0.1,0.1,50,6.0999,31.608,-103.99,39,-300
3.6,0,0,4,0,199,31,0.053,0.27,75,9.724,31.6125,-103.986,37,-300
3.6,0,0,4,0,199,54,0.14,0.56,54,9.194,31.6465,-104.339,58,-300
3.3,0,0,4,0,168,34,0.1,0.2,69,6.0999,31.663,-104.37,56,-300
3.9,0,0,4,0,234,32,0.1,0.2,57,6.7664,31.663,-104.363,56,-300
3.31,298,3,3,0,267,129,0.03591,0.2,14,15.85,33.6755,-116.723,7,-420
3.9,12,3,4,0,237,14,0.06,0.1836,54.74,4.2,38.6738,-118.545,17,-420
3.4,0,0,3,0,178,16,0.062,0.1843,40.89,5.7,38.6698,-118.546,17,-420
3.3,0,0,3,0,168,11,0.059,0.1593,48.94,5.3,38.6825,-118.555,17,-420
3.2,0,0,3,0,158,22,0.318,0.61,70,9.426,38.6833,-118.548,18,-420
3.3,3,2,3,0,168,23,0.053,0.1688,48.75,6.7,38.6669,-118.556,17,-420
4.3,30,4,4,0,297,13,0.068,0.1639,41.24,5.5,38.6847,-118.564,16,-420
4.3,9,4,4,0,288,32,0.332,0.71,88,5,38.7101,-118.532,20,-420
3.3,3,3,3,0,168,16,0.059,0.172,48.96,4.7,38.6808,-118.55,17,-420
3,2,2,3,0,139,15,0.064,0.1847,92.4,6,38.6871,-118.561,17,-420
3.9,3,3,5,0,235,36,0,0.1,66,6.0999,31.656,-104.457,57,-300
4.2,1,1,4,0,271,41,0.07,0.5,66,5,31.6187,-104.443,62,-300
3.8,5,5,4,0,225,18,0.1,0.1,63,8.0078,31.691,-101.701,28,-300
3.29,12,3,3,0,170,28,0.06768,0.25,92,9.23,37.0675,-112.864,13,-360
3.61,3877,4,4,0,610,158,0.03404,0.26,33,8.38,33.6777,-117.391,6,-420
4.4,544,4,4,0,526,43,0.19,0.1326,44.07,13.2,36.61,-115.727,8,-420
4.1,110,4,4,0,306,47,0.463,0.65,28,19.877,36.633,-115.709,7,-420
4.39,24227,5,5,1,836,192,0.03299,0.24,24,10.98,34.0843,-118.185,4,-420
3.66,5,5,4,0,209,32,0.02461,0.14,71,5,35.9492,-117.679,20,-420
3.6,1,2,4,0,200,25,0.283,0.09,44,0.739,31.7045,-101.712,28,-300
3.6,2,3,4,0,200,23,0.1,0.1,63,5.9326,31.704,-101.708,28,-300
4.44,760,4,6,0,630,99,0.04425,0.28,21,11.57,35.1017,-119.071,22,-420
3.78,335,5,4,0,397,68,0.05153,0.23,42,12.24,35.111,-119.117,25,-420
3.64,21,4,4,0,213,69,0.06045,0.27,23,12.96,35.107,-119.119,25,-420
3.5,3,2,4,0,189,95,0.04646,0.25,22,12.06,35.1037,-119.101,24,-420
3.44,145,5,4,0,252,75,0.04397,0.25,20,12.85,35.0965,-119.109,24,-420
3.58,24,5,4,0,209,44,0.03701,0.26,53,10.17,35.097,-119.116,23,-420
4.06,267,5,5,0,387,83,0.05247,0.29,22,11.09,35.1085,-119.075,22,-420
3.22,3,2,3,0,160,19,0.02978,0.2,160,13.7,35.0813,-119.107,22,-420
3.6,3,2,4,0,200,17,0.537,0.41,54,10,35.0708,-119.065,9,-420
4.6,252,4,5,0,429,49,0.05627,0.24,50,11.98,35.111,-119.119,25,-420
5.22,10498,7,7,1,1079,101,0.05144,0.26,21,11.6,35.1108,-119.092,24,-420
3.12,45,4,2,0,167,88,0.1959,0.27,151,0.8,33.8177,-118.757,22,-420
3.3,0,0,4,0,168,46,0.1,0.1,57,6.4075,31.673,-104.369,55,-300
3.4,0,0,4,0,178,39,0.1,0.1,57,6.2537,31.667,-104.365,56,-300
3.5,0,0,4,0,188,33,0.1,0.3,107,9.657,31.647,-104.386,58,-300
3.51,161,6,4,0,293,56,0.1807,0.16,32,2.84,34.9408,-116.799,22,-420
4.89,7873,6,5,0,948,53,0.1882,0.16,57,7.26,34.9498,-116.79,22,-420
4.47,3666,6,5,0,867,31,0.1214,0.16,71,19.57,37.4705,-112.848,24,-360
4.5,115,7,5,0,387,44,0.1,0.3,38,3.4424,31.475,-103.952,13,-300
3.45,5,3,4,0,185,92,0.07697,0.21,20,3.22,33.2223,-116.045,12,-420
3.4,0,0,4,0,178,50,0,0.2,56,5.4333,31.676,-104.41,55,-300
4.4,5,2,2,1,299,109,1.069,0.61,146,10,50.622,-129.763,192,-540
4,9,4,4,0,249,20,0.11,0.51,110,6.757,31.6529,-104.373,57,-300
4.2,45,5,5,0,293,35,0,0.2,56,5.5872,31.676,-104.407,55,-300
3.56,1242,4,4,0,575,118,0.09,0.25,129,11.6,33.8105,-118.468,8,-420
3.48,0,0,3,0,186,21,0.1937,0.18,63,6.82,31.5693,-115.702,84,-420
3.5,156,4,3,0,249,130,0.07691,0.2,15,13.7,33.197,-116.39,7,-420
3.01,109,4,3,0,184,144,0.07935,0.18,17,17.18,34.014,-117.019,3,-420
3.48,271,3,3,0,278,122,0.0745,0.12,46,14.11,46.3818,-122.33,20,-420
5.2,5,3,3,1,417,40,0.995,0.99,98,10,48.9111,-128.445,200,-540
6.4,79,3,4,1,657,95,0.882,0.94,76,10,48.8127,-128.725,210,-540
3.3,0,0,3,0,168,13,0.21,0.2364,78.03,5.1,38.2302,-118.798,34,-420
3.2,1,2,3,0,158,15,0.179,0.179,69.02,7.4,38.2323,-118.798,33,-420
3.44,2,3,3,0,183,37,0.1462,0.17,48,5.43,39.0397,-111.534,17,-360
3.9,1,3,4,0,234,82,0.209,1.04,52,10,31.5604,-115.544,67,-420
3.8,0,0,4,0,222,17,0.181,0.191,65.83,5.8,38.2737,-118.765,32,-420
3.8,131,4,4,0,269,90,0.201,0.73,41,22,47.2889,-113.214,24,-360
5.7,11,3,3,1,503,84,0.733,1.02,76,10,48.6926,-129.003,233,-540
3.5,0,0,4,0,188,32,0.1,0.1,62,5.4077,31.666,-104.192,54,-300
3.5,0,0,4,0,188,29,0.224,0.34,107,10.052,31.6677,-104.195,54,-300
3.7,0,0,4,0,211,32,0.1,0.1,61,5.946,31.669,-104.195,54,-300
3.8,0,0,4,0,222,29,0.231,0.3,112,8.828,31.6757,-104.202,55,-300
3.01,115,4,3,0,189,91,0.03972,0.27,121,16.77,34.0745,-119.009,15,-420
3.5,0,0,3,0,188,9,0.95,0.1281,49.84,7.5,39.3885,-116.636,33,-420
4.1,10,3,3,0,262,8,0.962,0.1941,94.69,7.6,39.52,-116.533,35,-420
5.4,102,8,6,0,534,102,3.326,1.13,51,10,31.1773,70.6295,31,300
5.4,6,4,4,0,451,110,2.669,0.75,34,224.338,36.543,71.2681,28,270
5.9,0,0,7,0,536,318,6.024,0.52,20,20.71,34.1604,86.3895,0,480
5.4,24,4,4,0,458,180,2.322,0.61,26,97.552,23.539,94.6946,29,390
5.1,2,3,5,0,401,176,1.34,0.68,70,29.068,40.14,77.0348,113,480
5.5,0,0,7,0,465,209,6.438,0.59,25,10,33.5485,81.8909,0,480
5.4,0,0,6,0,449,278,2.696,0.44,25,8,42.0113,82.6416,34,480
5.7,29,5,5,0,513,157,5.571,0.71,22,69.136,26.5566,97.0128,33,390
5.6,0,0,7,0,650,179,4.142,0.57,26,10,33.5147,92.9795,244,480
5.4,0,0,7,0,650,114,8.749,0.46,26,10,33.5068,93.0029,240,480
5.4,14,4,6,0,455,133,0.592,0.7,30,10,41.1648,78.4389,130,480
5.7,10,3,7,0,653,326,0.821,0.56,24,10,41.1867,78.7155,128,480
5.3,2,4,7,0,433,100,0.348,0.61,47,3.426,41.2706,78.8219,119,480
5.1,4,4,6,0,402,233,0.367,0.48,23,7.148,41.2186,78.724,121,480
5.5,2,5,7,0,466,133,0.432,0.65,59,10,41.1979,78.6168,128,480
5.4,3,4,6,0,450,99,0.382,0.63,75,10,41.3326,78.7686,124,480
5.8,2,8,7,0,652,142,0.454,0.53,59,10,41.2946,78.6076,129,480
7,482,9,9,0,2419,121,0.428,0.64,29,13,41.2938,78.5937,128,480
6.4,111,5,4,0,687,140,3.122,1.02,17,204,36.5061,70.5994,45,270
5.1,8,5,6,0,404,119,3.023,0.97,32,10,33.2109,76.7733,31,330
5.5,275,6,5,0,807,118,0.806,0.6,35,45.057,23.1278,90.927,9,360
5.2,1,3,6,0,416,98,6.056,0.6,37,10,39.2438,97.2769,74,480
5.7,69,7,7,0,551,117,0.251,0.84,45,15.733,21.226,99.333,76,390
5.3,1,3,7,0,432,267,1.205,0.63,24,7.204,40.5164,77.7055,0,480
5.7,372,7,8,0,922,232,2.95,0.94,21,12,28.8879,82.195,43,345
5.4,2,4,7,0,449,211,6.068,0.46,29,10,39.2654,97.3075,71,480
5.2,87,4,5,0,453,101,1.848,0.82,29,25.706,27.8679,84.7191,36,345
5.7,131,8,7,0,605,226,3.93,0.33,23,13,29.5163,81.2118,39,345
4.9,69,7,6,0,416,119,3.799,0.6,36,10,25.9591,90.6152,28,330
5.3,163,6,5,0,535,153,2.358,0.75,16,36.648,24.9743,92.2176,16,360
5.8,25,5,4,0,531,211,2.347,0.88,15,209,36.4512,70.7023,47,270
5.5,5,5,5,0,468,101,1.154,1.27,57,15.711,31.6412,131.796,40,540
5.7,5,3,4,0,502,166,1.739,0.75,39,28.953,29.7999,130.855,57,540
6.1,60,5,6,0,601,144,0.451,0.6,17,14,23.784,121.759,30,480
5.4,54,5,5,0,476,106,0.358,0.77,34,11.732,24.3858,121.917,45,480
6.5,6,3,3,1,652,157,1.405,0.75,17,402.166,47.1777,144.763,151,600
5.3,1,2,5,0,432,116,5.601,0.87,85,18.196,31.8881,131.341,15,540
7.1,43,8,8,0,810,252,5.748,0.74,34,24,31.7491,131.482,0,540
5.6,6,3,4,0,484,157,0.628,1.17,30,91,33.536,140.175,161,540
5.4,1,2,3,0,449,137,1.325,1.01,30,34.723,33.4887,141.284,206,540
5.7,29,7,7,0,519,319,1.171,0.53,37,9,37.4574,137.239,40,540
5.5,4,3,3,0,466,173,2.036,0.69,20,392.698,32.2768,137.61,210,540
5.4,0,0,4,0,449,297,1.08,1.09,15,59.788,26.1835,141.391,0,540
5.8,24,5,6,0,529,103,0.68,0.77,27,11.296,24.191,121.899,38,480
5.2,30,8,5,0,440,124,0.413,0.97,35,28.949,23.7143,121.588,27,480
5.6,36,6,6,0,502,121,0.427,0.84,35,23.605,23.7257,121.581,28,480
5.2,26,5,4,0,430,252,0.506,0.76,21,40.475,24.2257,121.706,29,480
5.7,150,5,5,0,581,259,0.581,0.54,22,37.767,24.1449,121.674,20,480
5.3,0,0,3,0,432,140,1.676,0.84,28,10,28.7699,142.53,0,600
5.8,10,8,6,0,525,275,0.513,0.72,24,12,23.8026,121.676,22,480
5.4,0,0,6,0,449,209,0.503,0.67,35,8.991,23.808,121.634,22,480
5.4,0,0,5,0,449,223,0.38,0.63,35,5.83,23.698,121.574,35,480
5.5,2,3,6,0,466,115,0.392,0.67,67,17,23.6512,121.606,35,480
6.1,82,7,8,0,711,120,0.526,0.65,22,10,23.8672,121.538,13,480
6.1,66,7,7,1,621,119,0.462,0.76,35,9,23.7241,121.641,29,480
5.8,77,5,6,0,556,121,0.42,0.74,44,8,23.7288,121.562,27,480
5.6,22,5,6,0,493,97,0.435,0.87,35,10,23.7158,121.63,30,480
5,0,0,6,0,385,53,0.454,1.27,73,10,23.7229,121.638,28,480
6.3,101,8,8,0,731,386,1.351,0.81,29,32,33.1621,132.387,18,540
5.9,2,2,4,0,536,293,2.352,0.49,30,7.556,29.4708,131.736,147,540
5.4,0,0,3,0,449,144,1.138,0.46,48,26.386,40.9054,143.213,141,600
6.1,32,4,4,0,586,304,2.7,0.64,59,29,37.7196,141.924,77,540
5.7,6,6,5,0,503,131,0.694,0.78,24,41.798,24.1954,121.932,41,480
5.7,2,3,5,0,500,63,0.595,0.62,67,26.363,23.7873,121.784,27,480
5.3,0,1,5,0,432,99,0.606,0.69,41,16.869,23.8555,121.803,28,480
5.6,0,0,6,0,482,135,0.591,0.72,27,14.297,24.1465,121.743,24,480
5.3,0,0,6,0,432,109,0.619,0.7,52,10.789,23.9598,121.595,2,480
5.6,2,7,6,0,484,115,0.594,0.69,49,15.864,24.1609,121.71,21,480
6.4,49,8,7,0,667,183,0.63,0.77,50,13.931,24.0651,121.673,15,480
7.4,638,9,8,1,1423,322,0.337,0.93,17,40,23.819,121.562,15,480
5.9,15,7,5,0,546,147,0.806,0.98,29,73,40.1385,141.706,7,540
5.3,0,0,3,0,432,119,2.896,1.09,25,35,24.3178,142.875,0,600
5.6,2,5,6,0,483,238,2.264,0.51,78,20,28.4231,130.134,49,540
5.6,35,6,4,0,504,122,2.4,0.78,71,44,37.1035,141.143,21,540
5.4,0,0,3,0,449,191,2.096,0.58,29,45.09,29.1913,141.553,0,540
5.9,14,4,5,0,542,147,0.416,0.88,24,10,37.8706,137.708,53,540
5.4,1,2,7,0,449,619,1.347,0.48,26,6,37.2326,136.788,11,540
5.6,0,0,7,0,482,146,0.856,0.71,50,10,37.5249,137.408,54,540
5.5,1,6,6,0,466,130,0.835,0.73,43,10,37.5575,137.384,56,540
5.6,0,0,7,0,482,148,1.296,0.52,67,10,37.2969,136.946,7,540
6.2,5,9,7,0,596,185,1.278,0.4,32,10,37.1959,136.87,8,540
7.5,413,9,9,1,2368,282,0.957,0.55,36,10,37.4976,137.242,0,540
5.8,1,4,7,0,518,279,0.968,0.47,53,10,37.5067,137.239,42,540
6.5,3,6,5,0,652,156,4.647,0.9,34,31,44.5796,148.99,115,600
5.8,11,4,4,0,522,315,0.977,0.56,54,42,41.168,142.247,82,540
5.8,1,3,4,0,518,261,5.875,0.65,37,84,45.9031,151.003,262,600
5.6,0,0,4,0,482,126,5.173,0.83,96,77.731,44.9541,149.755,148,600
5.9,51,6,4,0,565,240,0.544,0.6,35,31,24.0602,122.646,59,480
5.7,0,0,4,0,500,129,1.431,0.87,32,13.261,25.1583,125.542,46,480
5.3,1,1,3,0,432,190,5.149,0.68,53,10,29.7869,140.026,0,540
5.4,0,0,3,0,449,244,5.127,0.54,48,10,29.758,140.021,0,540
5.5,1,1,4,0,465,197,3.004,0.63,90,10,30.1289,140.022,0,540
6.1,1,1,4,0,573,91,2.968,0.92,62,10,30.044,140.005,0,540
5.7,0,0,4,0,500,187,3.023,0.48,85,10,30.0809,139.98,0,540
5.7,0,0,4,0,500,274,3.162,0.71,88,10,30.0036,139.831,0,540
5.3,0,0,3,0,432,271,3.185,0.75,46,10,29.9804,139.887,0,540
5.4,0,0,3,0,449,161,3.211,0.91,53,10,29.99,139.968,0,540
6.1,2,1,4,0,573,218,3.262,0.89,37,10,29.959,139.948,0,540
5.3,0,0,3,0,432,274,3.301,0.62,20,10,29.8673,140.048,0,540
5.5,0,0,3,0,465,129,2.997,0.76,24,8,30.786,142.041,0,540
5.6,0,0,3,0,482,122,2.701,0.54,49,10,31.0695,141.884,0,540
5.6,0,0,4,0,482,124,3.151,0.69,20,10,29.9958,140.146,0,540
5.5,0,0,4,0,465,264,3.149,0.86,30,10,30.0215,140.109,0,540
5.8,0,0,4,0,518,155,3.239,0.72,17,6,29.9105,140.053,0,540
6,1,1,4,0,554,257,3.192,0.36,27,10,29.905,139.967,0,540
5.8,0,0,4,0,518,197,4.374,0.7,45,30,44.2539,148.635,117,600
5.7,0,0,3,0,500,99,2.728,0.69,53,12.765,30.9578,141.833,0,540
5.8,0,0,3,0,518,107,2.806,0.65,98,8,31.0125,141.989,0,540
5.5,15,4,4,0,471,121,2.31,0.73,61,51,38.5129,141.641,20,540
6.3,42,4,4,0,629,165,2.324,0.84,21,176,26.4336,125.303,191,480
5.2,6,3,4,0,418,256,2.036,0.5,113,40.452,38.9566,142.101,37,540
4.9,1,2,2,0,370,206,6.253,0.66,31,10,21.7833,145.906,0,600
5.9,5,3,4,0,537,140,0.926,0.57,71,34,41.1222,142.845,0,600
5.5,0,0,4,0,465,164,1.106,0.74,60,12.851,30.7637,131.39,38,540
5.4,0,0,3,0,449,85,12.457,1.03,40,10,24.0074,143.203,0,600
5.6,8,5,6,0,486,240,0.996,0.79,23,4,21.895,121.583,85,480
5.8,1,1,2,0,518,281,2.575,0.8,37,442,42.0873,134.055,0,540
5.6,1,2,3,0,483,153,1.175,0.78,52,314,45.8086,143.124,94,600
5.7,3,4,4,0,501,88,1.087,1.27,36,123,-28.6825,-69.3728,122,-180
5.7,5,3,3,0,501,74,2.015,1.17,37,222.966,-19.1251,-67.3038,61,-240
5.5,2,4,3,0,466,47,2.152,1.24,42,267.235,-22.2935,-65.9607,43,-180
7.4,211,7,7,1,994,119,0.336,1.06,19,127.291,-23.1243,-67.8715,41,-240
5.8,26,5,6,0,529,141,0.642,0.56,72,28,-28.9162,-71.5264,73,-180
5.4,2,3,5,0,449,307,0.19,0.73,56,33.936,-28.229,-71.3898,63,-180
5.3,1,2,4,0,432,99,0.875,1.3,38,113.11,-22.1579,-68.682,41,-180
5.4,0,0,4,0,449,136,0.857,0.85,111,10,-30.2226,-72.2289,84,-300
5.3,1,2,3,0,432,108,1.46,0.99,33,202.477,-23.3523,-66.6742,100,-180
5.4,0,0,3,0,449,221,1.379,0.69,32,175.245,-21.9201,-67.253,128,-240
5.5,0,0,4,0,465,124,1.743,1.19,29,117,-28.4553,-68.9432,68,-180
5.8,13,4,5,0,523,72,1.437,1.12,131,16,-38.0756,-73.8819,53,-300
5.6,21,6,6,0,494,271,0.404,0.86,51,61.708,-21.9025,-70.2778,21,-180
5.5,1,1,3,0,465,466,2.773,0.63,51,191.769,-24.1126,-66.8382,49,-180
5.8,25,5,4,0,529,158,0.45,0.99,68,112,-19.1959,-69.0592,28,-180
6.6,71,7,7,1,719,169,0.685,0.52,32,34,-28.7457,-71.5726,80,-180
5.4,3,4,4,0,450,147,0.492,0.66,51,101.15,-28.6909,-70.3075,50,-180
6,5,4,4,0,556,123,1.774,0.81,35,253,-22.8844,-66.2242,61,-180
5.6,1,5,1,0,483,256,4.179,0.77,35,571.448,-23.6067,-63.6564,60,-180
5.7,0,0,4,0,500,131,1.08,0.77,50,8,-27.3252,-71.5543,122,-300
5.3,16,5,4,0,440,97,0.985,0.55,37,110.914,-20.6514,-68.5222,0,-180
5.5,1,4,5,0,466,106,0.755,0.81,107,21.043,-27.1542,-71.2479,86,-300
6.3,80,6,6,0,660,340,0.412,0.74,19,36,-30.2775,-71.536,38,-180
6.2,2,1,2,0,592,201,4.581,0.64,34,554,-26.9212,-63.3389,17,-180
6.2,1,1,2,0,591,248,4.325,0.56,33,575,-28.2143,-63.1854,0,-180
6.6,350,7,4,0,901,134,1.61,0.63,18,186,-38.1911,-70.3731,19,-180
5.7,137,6,5,0,577,126,0.257,0.76,34,99,-33.2122,-70.3268,30,-240
5.8,6,3,4,0,519,270,0.933,0.96,32,135,-23.9264,-67.9077,108,-240
5.5,20,6,4,0,477,59,1.786,0.92,65,47.174,-8.7179,110.181,98,420
5.1,72,4,6,0,428,101,4.495,0.78,79,8.078,14.7827,108.243,53,420
5.1,0,0,3,0,400,111,1.617,0.73,34,10,0.0963,96.4898,155,360
5.4,0,0,3,0,449,142,2.19,0.72,32,9,-5.3869,101.059,224,420
5.1,0,0,4,0,400,128,1.323,0.69,111,65.051,0.4081,98.5654,86,420
5.5,0,0,5,0,465,122,2.425,0.54,35,19,-3.6267,100.699,183,420
5.7,1,8,5,0,501,112,2.471,0.69,56,21,2.8312,95.6044,93,420
6.1,107,8,6,0,655,232,0.652,0.64,19,59.701,-8.1104,107.272,91,420
6.4,101,9,8,0,738,208,2.239,0.62,39,9.471,-5.8668,112.362,110,420
5.6,61,7,7,0,527,89,2.233,1.12,27,10,-5.8086,112.311,117,420
5.2,0,0,4,0,416,79,1.65,0.81,102,10,-5.8146,102.185,224,420
5.6,22,7,4,0,497,133,1.712,0.72,54,34,-7.362,105.925,79,420
5.4,12,5,4,0,454,146,2.085,0.65,43,54.787,-7.435,105.536,124,420
5.5,0,0,1,0,465,122,2.555,0.63,56,575.691,-6.1198,113.147,109,420
5.9,6,6,4,0,539,261,6.26,0.88,17,88.891,10.501,93.4505,152,360
5.2,3,4,3,0,417,97,2.364,0.93,63,37.801,5.3539,94.5693,81,360
5.9,77,7,4,0,588,159,1.641,0.84,41,76.421,-8.6741,110.041,82,420
4.2,0,0,3,0,271,33,0.826,0.72,186,9.237,51.5572,-130.594,268,-420
3.9,0,0,3,0,234,34,0.27,0.56,173,79.702,52.0699,-173.813,30,-540
3.6,0,0,3,0,199,0,0,0.53,0,71.1,51.937,-173.727,43,-540
4.6,0,0,2,0,326,45,0.657,0.81,52,251.843,52.4623,-179.019,175,-720
4.5,1,3,3,0,312,105,0.209,0.74,59,95.514,52.2566,-173.869,23,-540
4.7,1,1,3,1,340,76,0.925,0.72,157,10,51.3957,-130.863,279,-540
6.5,94,5,5,1,695,187,0.777,0.75,67,10,51.6758,-130.632,272,-420
4.3,197,3,3,1,349,0,0,0.69,0,15,60.6032,-146.917,28,-480
5,2,3,3,0,385,252,0.393,0.97,50,170.476,52.1396,-179.807,215,-720
4.3,0,0,1,0,284,0,0,0.6,0,0.9,54.9023,-157.07,199,-600
3.9,0,0,3,0,234,28,1.636,1.3,181,38.471,54.4632,-159.639,111,-660
3.9,0,0,3,0,234,51,0.236,0.95,200,44.338,51.3453,-178.638,150,-540
4,0,0,3,0,246,0,0,0.53,0,25.7,51.2731,-178.633,153,-540
3.9,1,2,3,1,234,0,0,0.52,0,126.3,59.8159,-153.249,44,-480
3.5,27,4,3,0,200,0,0,0.63,0,8,58.9459,-136.697,63,-480
3.6,0,0,1,0,199,0,0,0.49,0,25.6,53.6139,-164.358,109,-660
4,0,0,2,0,246,0,0,0.62,0,26.3,51.5965,-175.165,94,-720
3.5,0,0,2,0,188,0,0,0.38,0,20.4,60.0019,-146.214,65,-600
3.4,0,0,3,0,178,0,0,0.61,0,33.6,54.7699,-158.513,133,-660
3.9,0,0,3,0,234,0,0,0.99,0,5,56.4818,-153.762,66,-480
4.3,0,0,3,0,284,109,0.438,0.67,138,67.586,51.997,-173.57,48,-540
3.5,1,2,3,0,189,0,0,0.84,0,43.6,63.2208,-148.573,26,-480
3.1,47,3,3,0,162,0,0,0.92,0,12.1,61.4837,-149.943,1,-480
4.3,0,0,3,0,284,48,0.488,0.67,179,62.587,51.4889,-179.588,208,-720
4,0,0,3,0,246,25,0.858,0.6,190,10,53.4211,-133.318,201,-540
3.4,0,0,4,0,178,0,0,1.26,0,38,68.1656,-136.376,111,-360
4.6,271,6,4,1,496,0,0,0.7,0,48.2,59.6591,-151.499,2,-480
3.7,115,3,3,0,246,0,0,0.64,0,49.3,59.7974,-151.337,9,-480
3.7,1,3,2,0,211,49,0.482,0.75,195,35,53.523,-165.902,57,-660
3.5,1,3,2,0,189,0,0,0.38,0,37.7,53.5158,-165.891,58,-660
4.4,1,2,3,0,298,170,0.362,0.7,62,41.343,52.6166,-168.748,36,-660
4,1,2,3,0,246,0,0,0.79,0,48.4,52.6577,-168.78,31,-660
4.8,6,3,4,0,356,87,0.633,0.82,83,66.53,54.3454,-162.778,69,-480
3.9,0,0,3,0,234,0,0,0.72,0,25.4,54.5066,-159.779,103,-660
4,0,0,3,0,246,30,1.028,0.47,196,35,54.4421,-159.647,113,-660
5,1,3,4,1,385,0,0,0.53,0,25,54.5449,-159.729,100,-660
5.1,2,3,4,1,401,127,0.925,0.86,68,28.58,54.5455,-159.689,102,-660
5,1,3,4,1,385,32,0.988147,0.51,201.6,12,54.514,-159.567,109,-660
3.6,0,0,1,0,199,0,0,0.6,0,39.8,54.4397,-160.234,101,-660
3.6,0,0,1,0,199,51,1.009,0.74,203,35,54.3575,-160.179,110,-660
3.9,0,0,3,0,234,38,0.395,0.8,183,141.837,52.2687,-173.565,44,-540
3.1,1,2,3,0,148,0,0,0.25,0,41.3,61.0968,-150.826,14,-480
4.4,0,0,1,0,298,59,1.694,1.17,196,22.817,50.5904,-173.373,187,-720
3.8,35,3,3,0,234,0,0,0.54,0,18.9,61.259,-147.016,39,-480
3.3,5,3,3,0,169,0,0,0.62,0,0.3,59.0181,-134.506,50,-480
3.5,0,0,2,0,188,0,0,0.58,0,10,49.6314,-178.31,276,-720
4,0,0,2,0,246,42,1.752,0.74,256,10,49.813,-178.305,254,-720
3.6,0,1,3,0,199,0,0,0.63,0,15.3,60.0304,-143.176,154,-480
3.7,240,3,3,0,292,0,0,0.54,0,38.7,61.2172,-149.616,6,-480
3.8,0,0,1,0,222,28,0.895,0.76,229,10,52.8357,-166.776,116,-660
3.6,0,0,1,0,199,0,0,0.7,0,7.9,52.7645,-166.697,123,-660
3.5,0,0,3,0,188,0,0,0.65,0,30.9,61.5986,-146.305,49,-480
3.6,0,0,3,0,199,0,0,0.85,0,32,68.1761,-136.343,110,-360
3.7,0,0,3,0,211,32,1.051,0.45,136,10.334,68.1507,-136.313,109,-360
3.6,0,0,1,0,199,0,0,0.66,0,20.1,50.3633,-173.44,210,-720
4,0,0,1,0,246,40,1.895,0.76,186,19.601,50.2648,-173.472,209,-720
3.6,1,2,2,0,200,0,0,0.91,0,11.1,57.1827,-151.715,56,-600
3.2,0,0,3,0,158,0,0,0.53,0,64.8,56.4659,-156.55,113,-600
3.8,0,0,1,0,222,0,0,0.56,0,4.7,55.7541,-154.19,145,-600
3.5,0,0,3,0,188,0,0,0.57,0,44.3,58.2943,-151.695,62,-480
3.1,1,2,2,0,148,0,0,0.78,0,34.9,61.5173,-150.699,10,-480
3.5,0,0,2,0,188,21,0.665,0.4,202,35,51.6689,-174.864,73,-720
3.7,0,0,2,0,211,0,0,0.71,0,40.7,51.7246,-174.889,70,-720
3.5,0,0,1,0,188,0,0,0.86,0,12,50.5619,-170.455,286,-660
3.8,2,2,1,0,223,48,2.914,0.55,230,10,50.4982,-170.471,297,-660
4,0,0,1,0,246,94,1.02,0.92,132,8.764,52.6053,-166.906,137,-660
3.6,0,0,1,0,199,0,0,2.52,0,3.5,52.5603,-166.896,139,-660
3.6,0,0,2,0,199,25,0.528,0.47,161,50.524,53.5336,-165.752,62,-660
5.6,2,4,4,1,483,140,1.322,0.81,46,34.21,54.1094,-159.702,145,-660
5.4,0,0,4,1,449,0,0,0.49,0,14.8,54.0955,-159.699,147,-660
5.4,0,0,3,1,449,63,1.42383,0.85,212.4,87,54.038,-159.522,157,-660
3.8,3,3,3,0,223,0,0,0.75,0,31.1,60.9847,-148.283,33,-480
4.6,28,4,4,1,337,0,0,0.5,0,8.3,59.1053,-139.141,68,-480
4.1,0,0,1,0,259,75,1.127,1.3,164,10,53.3838,-163.613,149,-660
5.1,0,0,4,1,400,41,0,1.18,140.4,44,52.306,-174.645,32,-540
4.8,2,3,4,1,355,124,0.259,0.48,56,69.273,52.042,-174.531,28,-540
5.2,2,3,4,1,417,0,0,0.46,0,52.8,51.8371,-174.491,44,-540
3.9,0,0,2,0,234,64,0.682,0.89,143,10,51.626,-175.072,92,-720
3.5,0,0,1,0,188,29,0.903,1.24,164,35,53.68,-164.273,112,-660
4.5,31,4,3,1,323,0,0,0.87,0,87.8,60.3148,-152.365,47,-480
3.5,0,0,4,0,188,0,0,0.82,0,5.7,67.8947,-160.842,88,-480
4.2,0,0,1,0,271,94,0.848,0.64,41,253.714,54.1392,-169.371,142,-660
3.9,5,3,3,0,235,0,0,0.72,0,90,62.9194,-150.38,51,-480
3.7,0,0,2,0,211,65,0.717,1.14,157,44.879,54.2124,-162.474,89,-480
4,0,0,1,0,246,0,0,0.43,0,35.6,50.4551,-175.92,165,-720
4.6,0,0,1,0,326,68,1.473,0.51,130,10,50.5048,-175.929,168,-720
4.2,0,0,4,0,271,0,0,0.87,0,2.8,67.8725,-160.84,88,-480
4.4,5,2,2,1,299,109,1.069,0.61,146,10,50.622,-129.763,192,-540
4.7,0,0,2,0,340,0,0,0.67,0,9.8,55.0344,-157.609,143,-660
3.5,1,3,2,0,189,0,0,0.43,0,9.4,55.0747,-157.665,141,-660
3.6,0,0,2,0,199,12,0.115,0.19,159,193.361,52.1762,-174.341,12,-540
3.9,0,0,1,0,234,46,0.863,0.99,141,50.42,52.0532,-170.775,161,-660
3.6,0,0,1,0,199,0,0,0.65,0,25.7,52.0045,-170.791,167,-660
6,2,3,4,1,555,147,0.93,0.76,59,40.972,52.1259,-170.932,168,-660
5.9,1,3,4,1,536,40,1.66188,0.93,212.4,39,51.777,-170.741,181,-660
3.7,0,0,3,0,211,94,0.139,0.58,104,82.626,51.6083,-178.997,166,-540
3.9,0,0,1,0,234,0,0,0.78,0,1.9,53.0155,-158.202,298,-660
4.1,0,0,1,0,259,65,2.807,0.64,170,10,52.8906,-158.04,0,-660
3.6,2,3,3,0,200,0,0,0.84,0,10.8,59.0708,-137.916,113,-480
4.2,0,0,1,0,271,59,0.958,0.59,186,40.163,52.1227,-170.579,158,-660
5.6,11,7,6,0,490,73,1.138,0.6,43,16,39.9972,35.9796,11,180
5.8,30,7,5,0,539,209,0.553,1.16,32,26.873,37.3286,21.3156,34,60
5.4,248,9,6,0,664,196,0.673,0.88,29,16.067,42.9936,18.6796,22,60
5.4,65,4,4,0,477,228,1.869,1.14,30,39.269,41.1549,49.7415,44,180
4.8,1,3,5,0,355,70,2.656,0.8,56,10,32.797,47.6372,28,210
5.2,12,6,6,0,423,114,0.832,0.87,30,10,38.2787,38.2053,5,180
5.5,29,6,6,0,484,113,0.315,0.41,56,13.116,37.5831,35.9568,18,180
5.3,116,7,4,0,515,103,2.392,0.96,31,53,41.746,49.2837,49,180
4.8,1893,6,5,0,994,37,0.287,0.48,70,4.044,32.3984,-102.044,33,-300
5.1,2042,6,5,0,1040,24,0,0.1,38,6.1279,32.414,-102.057,34,-300
3.9,5,3,4,0,236,38,0,0.1,65,6.2024,31.647,-104.45,58,-300
4.1,4,3,4,0,260,28,0.043,0.26,67,8.814,31.6323,-104.473,60,-300
3.8,5,3,4,0,224,32,0.1,0.2,66,6.1511,31.641,-104.356,56,-300
3.3,1,3,4,0,168,34,0,0.1,70,7.0227,31.586,-104.55,61,-300
3.8,2,3,4,0,223,45,0,0.1,66,6.0999,31.663,-104.452,57,-300
3.9,1,3,4,0,234,32,0.048,0.23,67,10,31.6305,-104.466,61,-300
3.4,0,0,4,0,178,25,0.1,0.1,50,6.0999,31.608,-103.99,39,-300
3.6,0,0,4,0,199,31,0.053,0.27,75,9.724,31.6125,-103.986,37,-300
3.6,0,0,4,0,199,54,0.14,0.56,54,9.194,31.6465,-104.339,58,-300
3.3,0,0,4,0,168,34,0.1,0.2,69,6.0999,31.663,-104.37,56,-300
6.1,98,5,5,0,618,83,0.662,1.44,151,33.882,12.998,-89.5623,60,-360
3.9,0,0,4,0,234,32,0.1,0.2,57,6.7664,31.663,-104.363,56,-300
3.9,3,3,5,0,235,36,0,0.1,66,6.0999,31.656,-104.457,57,-300
4.2,1,1,4,0,271,41,0.07,0.5,66,5,31.6187,-104.443,62,-300
3.8,5,5,4,0,225,18,0.1,0.1,63,8.0078,31.691,-101.701,28,-300
3.6,3,4,4,0,201,47,0.127,0.69,32,5,32.7843,-100.667,18,-300
3.6,9,5,4,0,204,13,0.1,0.1,61,3.7842,32.781,-100.703,16,-300
3.6,1,2,4,0,200,25,0.283,0.09,44,0.739,31.7045,-101.712,28,-300
3.6,2,3,4,0,200,23,0.1,0.1,63,5.9326,31.704,-101.708,28,-300
5.4,15,5,4,0,456,112,1.808,1.13,80,140,16.9087,-93.8167,17,-360
3.3,0,0,4,0,168,46,0.1,0.1,57,6.4075,31.673,-104.369,55,-300
3.4,0,0,4,0,178,39,0.1,0.1,57,6.2537,31.667,-104.365,56,-300
3.5,0,0,4,0,188,33,0.1,0.3,107,9.657,31.647,-104.386,58,-300
3.6,1,2,4,0,200,38,0.112,0.68,37,1.155,32.7522,-100.646,16,-300
3.8,10,3,4,0,226,29,0.1,0.2,81,8.1299,32.744,-100.649,15,-300
4.1,53,6,5,0,288,37,0.112,0.47,36,5,32.7758,-100.685,17,-300
4.5,115,7,5,0,387,44,0.1,0.3,38,3.4424,31.475,-103.952,13,-300
4.8,171,6,6,0,459,28,0.104,0.49,37,1.534,32.7457,-100.67,16,-300
5.1,2610,6,6,0,1010,38,0.1,0.3,30,3.2959,32.746,-100.692,17,-300
4.1,10,4,5,0,263,39,0.116,0.67,36,5,32.7632,-100.653,17,-300
4,27,4,5,0,257,33,0.1,0.4,56,3.0029,32.74,-100.732,16,-300
3.4,0,0,4,0,178,50,0,0.2,56,5.4333,31.676,-104.41,55,-300
4.4,81,5,4,0,341,25,0.1,0.3,56,3.2959,32.769,-100.67,16,-300
4.9,1973,6,5,0,949,37,0.1,0.4,48,3.1982,32.753,-100.638,17,-300
4,9,4,4,0,249,20,0.11,0.51,110,6.757,31.6529,-104.373,57,-300
4.2,45,5,5,0,293,35,0,0.2,56,5.5872,31.676,-104.407,55,-300
6.2,85,4,4,0,626,138,0.573,1.12,29,262.297,14.5566,-89.9665,7,-360
3.7,0,0,4,0,211,63,0.426,0.64,29,6.304,32.3377,-101.052,4,-300
3.6,6,4,4,0,202,34,0.2,0.1,44,8.6182,32.33,-101.08,6,-300
3.5,0,0,4,0,188,32,0.1,0.1,62,5.4077,31.666,-104.192,54,-300
3.5,0,0,4,0,188,29,0.224,0.34,107,10.052,31.6677,-104.195,54,-300
3.7,0,0,4,0,211,32,0.1,0.1,61,5.946,31.669,-104.195,54,-300
3.8,0,0,4,0,222,29,0.231,0.3,112,8.828,31.6757,-104.202,55,-300
3.3,2,2,4,0,168,19,0.2,0.1,68,7.8369,32.15,-101.083,24,-300
3.4,0,0,4,0,178,39,0.1,0.1,63,6.2665,31.681,-104.183,54,-300
3.7,1,2,4,0,211,38,0,0.2,65,4.9207,31.68,-104.394,54,-300
3.9,0,0,4,0,234,43,0.114,0.69,65,5,31.594,-104.399,64,-300
3.7,0,0,4,0,211,24,0.1,0.1,61,6.0999,31.679,-104.194,55,-300
3.5,1,1,4,0,189,43,0,0.1,56,6.2408,31.69,-104.404,53,-300
4.1,9,5,4,0,263,33,0.1,0.1,65,5.9076,31.674,-104.189,55,-300
3.8,2,5,5,0,223,32,0.242,0.36,52,3.902,31.6733,-104.215,56,-300
3.9,1,2,4,0,234,19,0.1,0.1,69,7.5354,31.681,-104.201,55,-300
3.4,0,0,4,0,178,37,0.1,0.2,70,6.8433,31.616,-104.498,63,-300
6.4,158,7,6,0,762,267,0.515,1.05,30,61.91,14.4518,-92.363,28,-360
3.8,1,3,4,0,222,42,0.1,0.1,61,6.1383,31.667,-104.196,54,-300
3.5,0,0,4,0,188,40,0.1,0.1,61,6.5228,31.67,-104.193,54,-300
3.5,1,2,4,0,189,36,0,0.1,67,6.2024,31.667,-104.312,56,-300
3.3,0,0,4,0,168,29,0,0.1,68,6.7151,31.657,-104.315,56,-300
3.5,0,0,4,0,188,27,0.1,0.2,71,8.0737,31.588,-104.546,63,-300
3.2,0,0,4,0,158,15,0.1,0.2,80,6.0999,31.612,-104.382,61,-300
3.5,0,0,4,0,188,30,0.123,0.28,90,5,31.6125,-104.372,62,-300
3.8,0,0,5,0,222,27,0,0.2,79,8.7146,31.973,-103.318,20,-300
3.6,0,0,5,0,199,58,0.237,0.41,30,2.164,31.9487,-103.325,22,-300
3.9,0,0,4,0,234,33,0,0.2,77,7.843,31.968,-103.332,20,-300
5.4,1,1,3,0,449,85,2.017,0.78,174,10,18.2141,-105.628,142,-420
5.6,7,3,7,0,485,26,2.062,0.63,197,10,26.2173,-110.508,64,-420
5.5,81,4,4,0,499,256,0.85,0.97,113,154,11.1362,-85.3425,20,-360
3.3,1,3,4,0,168,37,0.1,0.2,69,3.9722,31.583,-104.543,62,-300
4.4,147,6,5,0,385,15,0,0,56,4.7363,32.318,-101.82,21,-300
5,0,0,3,0,385,78,0.11,0.78,87,193.139,13.7984,-88.995,2,-360
3.2,0,0,4,0,158,18,0,0.2,75,7.4841,31.585,-104.551,61,-300
3.4,0,0,4,0,178,17,1.486,0.55,164,10,31.0767,-107.436,51,-360
5.6,11,4,4,0,487,180,0.692,1.08,91,48,12.3515,-87.6834,45,-360
5.6,35,4,4,0,497,265,1.445,0.61,143,9,9.7781,-86.3237,78,-360
3.5,0,0,5,0,188,36,0.302,0.63,69,5,32.4267,-102.098,36,-360
3.8,12,4,4,0,227,56,0.1,0.2,86,6.2744,32.427,-102.121,37,-360
3.3,0,0,4,0,168,27,0,0.2,68,6.2024,31.682,-104.401,54,-360
3.3,0,0,4,0,168,24,0,0.1,54,6.933,31.618,-103.986,37,-360
3.5,0,0,4,0,188,18,0,0.1,49,6.51,31.613,-103.977,36,-360
3.9,4,3,4,0,235,28,0,0.1,58,8.4454,31.611,-103.99,37,-360
3.8,8,3,3,0,225,27,0.606,0.87,78,10,31.5075,-114.403,21,-420
3.5,11,6,5,0,195,80,0.587,0.6,33,2.146,32.7004,-104.39,6,-420
3.5,15,5,4,0,195,20,0.1,0.4,79,6.3232,28.973,-98.038,1,-360
4,83,4,4,0,283,56,0.236,0.6,43,4.944,32.6365,-104.384,15,-420
3.3,0,0,4,0,168,23,0,0.1,58,7.2791,31.656,-104.311,57,-360
3.6,0,0,4,0,199,32,0.187,0.45,65,5,31.646,-104.283,59,-360
3.7,23,5,5,0,221,25,0.1,0.3,63,3.6865,29.001,-97.965,5,-360
3.7,1,2,4,0,211,36,0,0.1,33,6.8561,31.639,-104.011,40,-360
3.7,7,3,5,0,213,13,0,0.3,74,8.3252,28.963,-97.936,8,-360
4.7,304,5,6,0,504,41,0.188,1.4,59,2.841,28.9405,-97.9993,5,-360
4.7,434,5,6,0,570,28,0,0.3,69,2.1973,28.954,-98.001,3,-360
4.3,52,5,6,0,310,38,0.228,1.13,62,3,28.9866,-98.0212,0,-360
4.4,68,5,6,0,333,25,0,0.2,68,8.4473,28.954,-98.005,3,-360
3.9,21,5,4,0,244,29,0.179,0.89,71,10.756,28.9777,-97.9583,5,-360
3.9,41,4,5,0,251,23,0,0.2,70,7.9346,28.955,-98.01,3,-360
3.9,0,0,3,0,234,34,0.61,0.98,102,10,31.5352,-114.289,35,-420
3.9,3,2,4,0,235,66,0,0.2,69,6.1316,31.68,-104.416,55,-360
3.5,1,3,4,0,189,27,0,0.2,61,6.0999,31.655,-104.398,57,-360
5.1,0,0,3,0,400,83,3.432,1.27,57,53.382,-34.3923,179.972,0,720
4.9,16,4,3,0,375,73,0.629,0.83,45,190.135,-38.2187,176.033,10,720
5.1,23,5,6,0,412,43,0.429,0.73,109,10,-40.2633,176.402,25,780
5.7,0,0,3,0,500,183,2.88,0.65,53,401.457,-31.3282,179.732,0,720
5.5,35,5,7,0,481,99,0.049,0.71,42,11.712,-43.7064,171.118,0,720
5.1,45,4,4,0,418,78,0.984,0.66,52,181.278,-40.1882,173.572,88,720
5.4,102,8,6,0,534,102,3.326,1.13,51,10,31.1773,70.6295,31,300
5.3,14,4,7,0,438,162,7.784,1.02,73,6,29.7252,65.3575,68,270
5.5,12,5,7,0,472,279,5.769,0.55,22,8,29.7645,65.3645,64,270
5.1,0,0,4,0,400,102,3.527,0.43,66,38.577,27.1043,59.3301,60,210
6.4,111,5,4,0,687,140,3.122,1.02,17,204,36.5061,70.5994,45,270
5.4,65,4,4,0,477,228,1.869,1.14,30,39.269,41.1549,49.7415,44,180
4.8,1,3,5,0,355,70,2.656,0.8,56,10,32.797,47.6372,28,210
5.3,5,4,7,0,652,147,2.775,0.69,45,10,27.7439,56.0776,62,210
5,2,5,6,0,386,115,2.734,0.74,45,10,27.6888,56.0903,57,210
5.5,7,4,7,0,468,127,2.748,0.68,38,10,27.7363,56.1369,58,210
5.4,0,0,7,0,650,111,4.642,0.81,22,10,34.6012,62.1031,26,270
6.3,28,8,8,0,1023,125,5.708,0.92,21,9,34.6171,62.0517,34,270
6.3,54,7,8,0,2037,423,4.645,0.7,21,8,34.5798,62.0717,24,270
5.9,3,5,7,0,652,227,5.81,0.59,43,12.48,34.6391,62.0327,35,270
6.3,11,9,8,0,1010,244,5.904,0.5,43,8,34.5492,61.884,25,270
5.4,0,0,7,0,650,165,5.858,0.47,54,10.257,34.5414,61.9547,26,270
6.3,19,8,8,0,1014,279,5.872,0.58,43,14,34.6259,61.926,32,270
5.2,12,6,6,0,423,114,0.832,0.87,30,10,38.2787,38.2053,5,180
5.8,25,5,4,0,531,211,2.347,0.88,15,209,36.4512,70.7023,47,270
5.3,116,7,4,0,515,103,2.392,0.96,31,53,41.746,49.2837,49,180
5.5,5,5,5,0,468,101,1.154,1.27,57,15.711,31.6412,131.796,40,540
5.7,5,3,4,0,502,166,1.739,0.75,39,28.953,29.7999,130.855,57,540
5.4,54,5,5,0,476,106,0.358,0.77,34,11.732,24.3858,121.917,45,480
6.5,6,3,3,1,652,157,1.405,0.75,17,402.166,47.1777,144.763,151,600
5.3,1,2,5,0,432,116,5.601,0.87,85,18.196,31.8881,131.341,15,540
7.1,43,8,8,0,810,252,5.748,0.74,34,24,31.7491,131.482,0,540
5.6,6,3,4,0,484,157,0.628,1.17,30,91,33.536,140.175,161,540
5.4,1,2,3,0,449,137,1.325,1.01,30,34.723,33.4887,141.284,206,540
5.7,29,7,7,0,519,319,1.171,0.53,37,9,37.4574,137.239,40,540
5.5,4,3,3,0,466,173,2.036,0.69,20,392.698,32.2768,137.61,210,540
5.4,0,0,4,0,449,297,1.08,1.09,15,59.788,26.1835,141.391,0,540
5.8,24,5,6,0,529,103,0.68,0.77,27,11.296,24.191,121.899,38,480
5.3,0,0,3,0,432,140,1.676,0.84,28,10,28.7699,142.53,0,600
6.3,101,8,8,0,731,386,1.351,0.81,29,32,33.1621,132.387,18,540
5.9,2,2,4,0,536,293,2.352,0.49,30,7.556,29.4708,131.736,147,540
5.4,0,0,3,0,449,144,1.138,0.46,48,26.386,40.9054,143.213,141,600
6.1,32,4,4,0,586,304,2.7,0.64,59,29,37.7196,141.924,77,540
5.7,6,6,5,0,503,131,0.694,0.78,24,41.798,24.1954,121.932,41,480
5.9,15,7,5,0,546,147,0.806,0.98,29,73,40.1385,141.706,7,540
5.3,0,0,3,0,432,119,2.896,1.09,25,35,24.3178,142.875,0,600
5.6,2,5,6,0,483,238,2.264,0.51,78,20,28.4231,130.134,49,540
5.6,35,6,4,0,504,122,2.4,0.78,71,44,37.1035,141.143,21,540
5.4,0,0,3,0,449,191,2.096,0.58,29,45.09,29.1913,141.553,0,540
5.9,14,4,5,0,542,147,0.416,0.88,24,10,37.8706,137.708,53,540
5.4,1,2,7,0,449,619,1.347,0.48,26,6,37.2326,136.788,11,540
5.6,0,0,7,0,482,146,0.856,0.71,50,10,37.5249,137.408,54,540
5.5,1,6,6,0,466,130,0.835,0.73,43,10,37.5575,137.384,56,540
5.6,0,0,7,0,482,148,1.296,0.52,67,10,37.2969,136.946,7,540
6.2,5,9,7,0,596,185,1.278,0.4,32,10,37.1959,136.87,8,540
7.5,413,9,9,1,2368,282,0.957,0.55,36,10,37.4976,137.242,0,540
5.8,1,4,7,0,518,279,0.968,0.47,53,10,37.5067,137.239,42,540
6.5,3,6,5,0,652,156,4.647,0.9,34,31,44.5796,148.99,115,600
5.8,11,4,4,0,522,315,0.977,0.56,54,42,41.168,142.247,82,540
5.8,1,3,4,0,518,261,5.875,0.65,37,84,45.9031,151.003,262,600
5.6,0,0,4,0,482,126,5.173,0.83,96,77.731,44.9541,149.755,148,600
5.9,51,6,4,0,565,240,0.544,0.6,35,31,24.0602,122.646,59,480
5.7,0,0,4,0,500,129,1.431,0.87,32,13.261,25.1583,125.542,46,480
5.3,1,1,3,0,432,190,5.149,0.68,53,10,29.7869,140.026,0,540
5.4,0,0,3,0,449,244,5.127,0.54,48,10,29.758,140.021,0,540
5.5,1,1,4,0,465,197,3.004,0.63,90,10,30.1289,140.022,0,540
6.1,1,1,4,0,573,91,2.968,0.92,62,10,30.044,140.005,0,540
5.7,0,0,4,0,500,187,3.023,0.48,85,10,30.0809,139.98,0,540
5.7,0,0,4,0,500,274,3.162,0.71,88,10,30.0036,139.831,0,540
5.3,0,0,3,0,432,271,3.185,0.75,46,10,29.9804,139.887,0,540
5.4,0,0,3,0,449,161,3.211,0.91,53,10,29.99,139.968,0,540
6.1,2,1,4,0,573,218,3.262,0.89,37,10,29.959,139.948,0,540
5.3,0,0,3,0,432,274,3.301,0.62,20,10,29.8673,140.048,0,540
5.5,0,0,3,0,465,129,2.997,0.76,24,8,30.786,142.041,0,540
5.6,0,0,3,0,482,122,2.701,0.54,49,10,31.0695,141.884,0,540
5.6,0,0,4,0,482,124,3.151,0.69,20,10,29.9958,140.146,0,540
5.5,0,0,4,0,465,264,3.149,0.86,30,10,30.0215,140.109,0,540
5.8,0,0,4,0,518,155,3.239,0.72,17,6,29.9105,140.053,0,540
6,1,1,4,0,554,257,3.192,0.36,27,10,29.905,139.967,0,540
5.8,0,0,4,0,518,197,4.374,0.7,45,30,44.2539,148.635,117,600
5.7,0,0,3,0,500,99,2.728,0.69,53,12.765,30.9578,141.833,0,540
5.8,0,0,3,0,518,107,2.806,0.65,98,8,31.0125,141.989,0,540
5.5,15,4,4,0,471,121,2.31,0.73,61,51,38.5129,141.641,20,540
6.3,42,4,4,0,629,165,2.324,0.84,21,176,26.4336,125.303,191,480
5.2,6,3,4,0,418,256,2.036,0.5,113,40.452,38.9566,142.101,37,540
4.9,1,2,2,0,370,206,6.253,0.66,31,10,21.7833,145.906,0,600
5.9,5,3,4,0,537,140,0.926,0.57,71,34,41.1222,142.845,0,600
5.5,0,0,4,0,465,164,1.106,0.74,60,12.851,30.7637,131.39,38,540
5.4,0,0,3,0,449,85,12.457,1.03,40,10,24.0074,143.203,0,600
5.8,1,1,2,0,518,281,2.575,0.8,37,442,42.0873,134.055,0,540
5.6,1,2,3,0,483,153,1.175,0.78,52,314,45.8086,143.124,94,600
4.2,0,0,3,0,271,33,0.826,0.72,186,9.237,51.5572,-130.594,268,-420
3.7,1580,4,4,0,591,135,0.03294,0.28,99,10.9,34.0678,-118.807,6,-420
4.7,1,1,3,1,340,76,0.925,0.72,157,10,51.3957,-130.863,279,-540
6.5,94,5,5,1,695,187,0.777,0.75,67,10,51.6758,-130.632,272,-420
3.9,5,3,4,0,236,38,0,0.1,65,6.2024,31.647,-104.45,58,-300
4.1,4,3,4,0,260,28,0.043,0.26,67,8.814,31.6323,-104.473,60,-300
3.23,472,4,3,0,340,131,0.03137,0.26,88,10.95,34.0637,-118.812,6,-420
3.43,234,4,3,0,277,111,0.02408,0.29,92,11.02,34.0588,-118.799,5,-420
3.44,225,4,3,0,272,115,0.02561,0.31,84,10.93,34.0682,-118.8,7,-420
4.69,18592,5,5,1,818,145,0.03238,0.29,101,11.35,34.0703,-118.808,6,-420
3.5,0,0,3,0,188,14,0.301,0.1665,147.85,11.8,37.6127,-115.303,7,-420
3.8,5,3,4,0,224,32,0.1,0.2,66,6.1511,31.641,-104.356,56,-300
3.3,1,3,4,0,168,34,0,0.1,70,7.0227,31.586,-104.55,61,-300
3.8,2,3,4,0,223,45,0,0.1,66,6.0999,31.663,-104.452,57,-300
3.9,1,3,4,0,234,32,0.048,0.23,67,10,31.6305,-104.466,61,-300
3.35,13,4,4,0,178,41,0.08871,0.19,92,4.98,41.5833,-112.42,15,-360
3.94,2756,5,5,1,769,171,0.01545,0.23,15,4.84,34.0297,-117.586,4,-420
3.45,824,4,4,0,513,152,0.01628,0.22,20,5.96,34.0227,-117.593,5,-420
3.09,6,4,4,0,149,76,0.006999,0.08,39,-0.25,38.7893,-122.734,3,-420
4.28,241,5,5,1,398,121,0.009855,0.1,17,0.16,38.7765,-122.746,1,-420
3.17,11,3,2,0,158,94,0.1793,0.32,143,-0.1,33.7255,-118.599,22,-420
3.47,49,3,4,0,202,32,0.1282,0.12,53,5.29,38.6982,-119.598,18,-420
3.32,27,3,3,0,178,66,0.02036,0.12,49,11.39,36.07,-120.167,8,-420
3.1,0,0,3,0,148,24,0.196,0.187,114.78,8.3,37.741,-117.142,8,-420
3.1,0,0,3,0,148,10,0.453,0.67,124,5,37.743,-117.134,9,-420
3,0,0,3,0,138,32,0.5,0.69,38,5,37.7769,-117.067,16,-420
3.46,11,3,3,0,187,34,0.1385,0.07,64,9.43,37.432,-118.758,14,-420
3.14,5,3,2,0,153,89,0.1739,0.37,138,-0.11,33.7102,-118.628,21,-420
3.4,71,3,4,0,198,35,0.02849,0.05,64,3.36,37.4332,-118.469,7,-420
3.5,4,3,3,0,190,34,0.441,0.43,52,23.624,47.3504,-113.16,31,-360
3.6,0,0,4,0,199,54,0.14,0.56,54,9.194,31.6465,-104.339,58,-300
3.3,0,0,4,0,168,34,0.1,0.2,69,6.0999,31.663,-104.37,56,-300
3.9,0,0,4,0,234,32,0.1,0.2,57,6.7664,31.663,-104.363,56,-300
3.31,298,3,3,0,267,129,0.03591,0.2,14,15.85,33.6755,-116.723,7,-420
3.9,12,3,4,0,237,14,0.06,0.1836,54.74,4.2,38.6738,-118.545,17,-420
3.4,0,0,3,0,178,16,0.062,0.1843,40.89,5.7,38.6698,-118.546,17,-420
3.3,0,0,3,0,168,11,0.059,0.1593,48.94,5.3,38.6825,-118.555,17,-420
3.2,0,0,3,0,158,22,0.318,0.61,70,9.426,38.6833,-118.548,18,-420
3.3,3,2,3,0,168,23,0.053,0.1688,48.75,6.7,38.6669,-118.556,17,-420
4.3,30,4,4,0,297,13,0.068,0.1639,41.24,5.5,38.6847,-118.564,16,-420
4.3,9,4,4,0,288,32,0.332,0.71,88,5,38.7101,-118.532,20,-420
3.3,3,3,3,0,168,16,0.059,0.172,48.96,4.7,38.6808,-118.55,17,-420
3,2,2,3,0,139,15,0.064,0.1847,92.4,6,38.6871,-118.561,17,-420
3.9,3,3,5,0,235,36,0,0.1,66,6.0999,31.656,-104.457,57,-300
4.2,1,1,4,0,271,41,0.07,0.5,66,5,31.6187,-104.443,62,-300
3.29,12,3,3,0,170,28,0.06768,0.25,92,9.23,37.0675,-112.864,13,-360
3.61,3877,4,4,0,610,158,0.03404,0.26,33,8.38,33.6777,-117.391,6,-420
4.4,544,4,4,0,526,43,0.19,0.1326,44.07,13.2,36.61,-115.727,8,-420
4.1,110,4,4,0,306,47,0.463,0.65,28,19.877,36.633,-115.709,7,-420
4.39,24227,5,5,1,836,192,0.03299,0.24,24,10.98,34.0843,-118.185,4,-420
3.66,5,5,4,0,209,32,0.02461,0.14,71,5,35.9492,-117.679,20,-420
4.44,760,4,6,0,630,99,0.04425,0.28,21,11.57,35.1017,-119.071,22,-420
3.78,335,5,4,0,397,68,0.05153,0.23,42,12.24,35.111,-119.117,25,-420
3.64,21,4,4,0,213,69,0.06045,0.27,23,12.96,35.107,-119.119,25,-420
3.5,3,2,4,0,189,95,0.04646,0.25,22,12.06,35.1037,-119.101,24,-420
3.44,145,5,4,0,252,75,0.04397,0.25,20,12.85,35.0965,-119.109,24,-420
3.58,24,5,4,0,209,44,0.03701,0.26,53,10.17,35.097,-119.116,23,-420
4.06,267,5,5,0,387,83,0.05247,0.29,22,11.09,35.1085,-119.075,22,-420
3.22,3,2,3,0,160,19,0.02978,0.2,160,13.7,35.0813,-119.107,22,-420
3.6,3,2,4,0,200,17,0.537,0.41,54,10,35.0708,-119.065,9,-420
4.6,252,4,5,0,429,49,0.05627,0.24,50,11.98,35.111,-119.119,25,-420
5.22,10498,7,7,1,1079,101,0.05144,0.26,21,11.6,35.1108,-119.092,24,-420
3.12,45,4,2,0,167,88,0.1959,0.27,151,0.8,33.8177,-118.757,22,-420
3.3,0,0,4,0,168,46,0.1,0.1,57,6.4075,31.673,-104.369,55,-300
3.4,0,0,4,0,178,39,0.1,0.1,57,6.2537,31.667,-104.365,56,-300
3.5,0,0,4,0,188,33,0.1,0.3,107,9.657,31.647,-104.386,58,-300
3.51,161,6,4,0,293,56,0.1807,0.16,32,2.84,34.9408,-116.799,22,-420
4.89,7873,6,5,0,948,53,0.1882,0.16,57,7.26,34.9498,-116.79,22,-420
4.47,3666,6,5,0,867,31,0.1214,0.16,71,19.57,37.4705,-112.848,24,-360
3.45,5,3,4,0,185,92,0.07697,0.21,20,3.22,33.2223,-116.045,12,-420
3.4,0,0,4,0,178,50,0,0.2,56,5.4333,31.676,-104.41,55,-300
4.4,5,2,2,1,299,109,1.069,0.61,146,10,50.622,-129.763,192,-540
4,9,4,4,0,249,20,0.11,0.51,110,6.757,31.6529,-104.373,57,-300
4.2,45,5,5,0,293,35,0,0.2,56,5.5872,31.676,-104.407,55,-300
3.56,1242,4,4,0,575,118,0.09,0.25,129,11.6,33.8105,-118.468,8,-420
3.48,0,0,3,0,186,21,0.1937,0.18,63,6.82,31.5693,-115.702,84,-420
3.5,156,4,3,0,249,130,0.07691,0.2,15,13.7,33.197,-116.39,7,-420
3.01,109,4,3,0,184,144,0.07935,0.18,17,17.18,34.014,-117.019,3,-420
3.48,271,3,3,0,278,122,0.0745,0.12,46,14.11,46.3818,-122.33,20,-420
5.2,5,3,3,1,417,40,0.995,0.99,98,10,48.9111,-128.445,200,-540
6.4,79,3,4,1,657,95,0.882,0.94,76,10,48.8127,-128.725,210,-540
3.3,0,0,3,0,168,13,0.21,0.2364,78.03,5.1,38.2302,-118.798,34,-420
3.2,1,2,3,0,158,15,0.179,0.179,69.02,7.4,38.2323,-118.798,33,-420
3.44,2,3,3,0,183,37,0.1462,0.17,48,5.43,39.0397,-111.534,17,-360
3.9,1,3,4,0,234,82,0.209,1.04,52,10,31.5604,-115.544,67,-420
3.8,0,0,4,0,222,17,0.181,0.191,65.83,5.8,38.2737,-118.765,32,-420
3.8,131,4,4,0,269,90,0.201,0.73,41,22,47.2889,-113.214,24,-360
5.7,11,3,3,1,503,84,0.733,1.02,76,10,48.6926,-129.003,233,-540
3.5,0,0,4,0,188,32,0.1,0.1,62,5.4077,31.666,-104.192,54,-300
3.5,0,0,4,0,188,29,0.224,0.34,107,10.052,31.6677,-104.195,54,-300
3.7,0,0,4,0,211,32,0.1,0.1,61,5.946,31.669,-104.195,54,-300
3.8,0,0,4,0,222,29,0.231,0.3,112,8.828,31.6757,-104.202,55,-300
3.01,115,4,3,0,189,91,0.03972,0.27,121,16.77,34.0745,-119.009,15,-420
3.5,0,0,3,0,188,9,0.95,0.1281,49.84,7.5,39.3885,-116.636,33,-420
4.1,10,3,3,0,262,8,0.962,0.1941,94.69,7.6,39.52,-116.533,35,-420
3.86,11,3,4,0,232,44,0.1627,0.13,53,2.3,35.0378,-116.983,16,-420
3.24,7,3,4,0,164,59,0.03603,0.08,61,5.9,36.0742,-120.644,25,-420
3.44,18,5,4,0,190,67,0.04956,0.25,27,13.48,35.1097,-119.094,24,-420
4.09,941,7,4,0,897,71,0.05899,0.27,23,12.07,35.112,-119.109,24,-420
3.59,21,3,3,0,205,100,0.08582,0.22,19,10.55,33.2555,-116.085,13,-420
5.5,3,5,7,0,467,58,2.331,0.74,67,10.649,1.3376,118.461,171,480
5.4,2,6,4,0,450,74,2.935,0.77,108,72.165,4.3537,126.74,183,480
5.5,20,6,4,0,477,59,1.786,0.92,65,47.174,-8.7179,110.181,98,420
5.7,10,6,5,0,505,112,5.664,0.73,47,40.983,12.7442,124.767,20,480
5,1,0,3,0,385,105,1.724,1.01,36,65.317,2.3246,126.572,173,540
6.3,20,6,6,0,623,134,1.679,0.97,25,15,8.1704,126.764,44,480
6.8,109,7,7,1,792,259,1.511,0.69,18,32,8.1856,126.612,20,480
5.4,1,3,4,0,449,175,1.337,0.88,39,40.646,1.246,126.089,111,540
7.1,29,5,4,1,790,401,2.604,0.84,17,639.503,6.0646,123.16,106,480
5.4,0,0,3,0,449,142,2.19,0.72,32,9,-5.3869,101.059,224,420
5.6,0,0,4,0,482,119,2.398,0.92,35,45.789,3.1375,127.319,180,480
5.8,3,2,5,0,518,218,2.814,0.61,23,39,4.3844,126.49,158,480
5.2,3,4,4,0,417,83,8.351,0.57,80,9.9,9.4367,119.732,97,480
5.5,0,0,5,0,465,122,2.425,0.54,35,19,-3.6267,100.699,183,420
5,0,0,4,0,385,131,1.471,0.9,13,127.916,0.2108,123.704,81,480
5.7,14,6,5,0,508,133,3.778,0.78,40,10.208,10.8748,125.29,27,480
6.1,107,8,6,0,655,232,0.652,0.64,19,59.701,-8.1104,107.272,91,420
6.4,3,2,4,1,631,267,1.937,0.48,23,22,2.7135,127.094,150,540
5.7,0,0,4,0,500,126,2.082,0.98,52,62.174,-9.444,122.147,85,480
6.4,101,9,8,0,738,208,2.239,0.62,39,9.471,-5.8668,112.362,110,420
5.6,61,7,7,0,527,89,2.233,1.12,27,10,-5.8086,112.311,117,420
5.7,0,0,4,0,500,150,2.309,0.97,28,39,-0.1127,125.214,111,480
6,7,3,4,0,556,182,1.838,0.59,52,115,5.8202,126.88,103,480
5.2,0,0,4,0,416,79,1.65,0.81,102,10,-5.8146,102.185,224,420
5.4,3,4,4,0,450,194,2.119,0.62,42,42.374,8.8205,126.704,47,480
5.4,2,3,4,0,449,193,2.115,0.65,64,18,8.8517,126.782,46,480
5.1,0,0,4,0,400,191,2.152,0.94,42,14.569,8.7891,126.765,56,480
4.9,0,0,6,0,369,58,0.82,0.7,62,10,-9.5467,125.049,30,480
5.6,22,7,4,0,497,133,1.712,0.72,54,34,-7.362,105.925,79,420
5.3,2,3,4,0,433,93,2.857,0.7,103,35,9.7634,126.712,64,480
5.4,6,4,5,0,451,189,1.617,0.61,72,50.159,8.7286,125.71,1,480
5.8,46,5,6,0,540,103,1.602,0.83,43,32,8.6991,125.544,8,480
5.6,6,6,6,0,486,85,3.41,0.99,54,21.643,-8.2505,121.098,89,480
5.6,10,5,5,0,487,161,1.749,0.92,79,39,8.5458,126.497,29,480
6.7,24,5,6,1,702,138,2.209,0.76,22,62.574,4.8602,126.189,93,480
5.3,0,0,4,0,432,52,1.254,0.78,42,81.212,-0.1653,123.611,94,480
5.4,0,0,4,0,449,131,2.239,0.59,67,16.406,9.0123,126.773,49,480
4.9,0,0,4,0,369,180,1.828,0.66,81,35,8.4776,126.735,48,480
5.8,4,4,4,0,519,173,2.396,0.78,62,12,9.1263,126.869,60,480
5.5,0,0,4,0,465,157,2.279,0.43,80,26.021,9.1263,126.709,43,480
5.7,2,2,4,0,500,178,2.277,0.47,79,19.697,9.0546,126.666,45,480
5.2,2,3,4,0,417,259,2.103,0.66,43,40.403,8.9514,126.622,27,480
5.3,0,0,4,0,432,123,1.735,1.1,45,66.931,8.3449,126.792,42,480
5.7,1,2,5,0,500,135,2.047,0.83,45,27,8.8312,126.691,37,480
5.3,0,0,4,0,432,104,2.095,0.48,68,55.451,8.8795,126.674,39,480
5.3,0,0,4,0,432,101,2.103,0.53,59,46.818,8.8411,126.749,49,480
5.5,0,0,4,0,465,120,1.837,0.79,67,66.391,8.441,126.873,52,480
5.4,0,1,4,0,449,242,2.057,0.85,56,24.222,8.7118,126.798,56,480
5.3,0,0,4,0,432,117,2.031,0.88,43,47.433,8.9293,126.563,19,480
6.9,81,7,6,1,789,151,2.148,0.93,25,20,8.9571,126.628,34,480
6,3,3,4,0,555,88,2.061,0.79,76,13,8.7176,126.897,58,480
5.4,0,0,4,0,449,112,2.143,0.8,81,28.046,8.65,127.021,81,480
5.4,0,0,4,0,449,78,2.143,0.73,88,42.849,8.815,126.868,57,480
5.6,0,0,4,0,482,94,1.953,0.52,43,36.128,8.545,126.871,61,480
5.5,0,0,4,0,465,101,1.898,0.71,43,39.402,8.2878,127.04,69,480
5.7,0,0,4,0,500,81,1.803,0.52,48,45.264,8.5597,126.617,37,480
6.6,53,7,6,1,709,135,1.822,0.83,32,19,8.4498,126.72,47,480
5.4,1,3,4,0,449,140,1.898,0.52,44,63.392,8.6521,126.674,44,480
5.5,0,0,4,0,465,133,1.829,0.59,68,26.181,8.353,126.93,55,480
6,0,0,5,0,554,176,1.813,0.58,42,9,8.4475,126.778,49,480
5.4,0,0,4,0,449,109,1.656,0.56,45,63.645,8.248,126.82,36,480
5.3,0,0,4,0,432,166,1.825,0.52,49,22.227,8.4219,126.838,52,480
5.4,0,0,4,0,449,189,1.828,0.73,28,48.935,8.6178,126.709,37,480
6.3,2,3,5,0,611,225,1.916,0.71,15,46.378,8.4439,126.919,63,480
5.6,0,0,4,0,482,192,1.965,0.63,33,64.275,8.7034,126.768,52,480
5.4,0,0,4,0,449,96,1.569,0.52,79,51.478,8.3044,126.566,21,480
5.4,0,0,4,0,449,42,1.722,0.97,81,35,8.2748,126.828,45,480
5.6,0,0,4,0,482,100,1.639,0.64,102,79.813,8.4261,126.521,21,480
6.1,9,6,5,0,578,275,1.758,0.81,13,36.091,8.4118,126.746,41,480
5.7,0,0,4,0,500,100,1.836,0.92,79,46.557,8.4001,126.922,54,480
5.4,0,0,4,0,449,122,1.869,0.73,95,58.952,8.6083,126.699,44,480
5.7,1,2,4,0,500,89,1.759,0.94,43,52.821,8.3159,126.767,45,480
5.6,1,2,4,0,483,111,1.821,0.51,79,44.034,8.4845,126.736,46,480
6.4,19,7,6,1,643,125,1.792,0.96,65,35,8.415,126.776,47,480
5.5,0,0,4,0,465,72,1.825,0.75,81,66.805,8.493,126.771,48,480
5.4,0,0,4,0,449,56,1.651,0.7,84,60.468,8.3678,126.734,31,480
5.4,0,0,4,0,449,142,1.602,0.71,54,61.311,8.3335,126.583,25,480
5.8,0,0,4,0,518,123,1.879,0.62,84,61.655,8.315,127.021,65,480
5.4,0,0,4,0,449,31,1.409,1.16,127,43.301,8.0495,126.606,18,480
5.4,0,0,4,0,449,32,1.718,1.15,84,66.534,8.5324,126.505,25,480
7.6,434,9,7,1,1284,128,1.668,0.98,43,40,8.5266,126.449,19,480
6,3,2,5,0,554,132,1.02,0.72,23,102,1.7425,127.153,91,540
6.7,142,9,8,1,813,244,1.604,1.02,21,52,5.5872,125.051,32,480
5.8,0,0,3,0,518,293,3.32,0.71,21,289,1.9752,124.137,96,480
5.2,0,0,5,0,416,95,0.583,0.86,50,42.657,-9.9023,123.7,29,480
5.7,1,2,5,0,500,132,4.321,0.5,48,13,11.4641,125.922,29,480
6.1,8,8,6,0,579,258,6.023,0.88,13,51,-10.0109,123.713,20,480
5.4,0,0,4,0,449,133,0.832,0.59,34,24.286,1.7869,120.193,296,480
5.5,0,0,6,0,465,70,5.044,0.79,63,10,-7.6308,125.855,98,540
5.9,17,6,7,0,546,190,0.86,0.69,22,8.494,7.4373,126.299,18,480
6.4,35,5,5,0,649,257,1.801,0.88,23,113,5.3416,126.06,65,480
5.9,6,4,4,0,538,139,3.027,0.76,36,94,4.7296,127.501,234,480
6,7,4,4,0,557,128,0.371,0.89,22,151,1.1251,127.479,38,540
6,2,7,7,0,555,103,1.498,0.99,47,13,0.0054,119.771,101,480
5.6,10,4,2,0,486,178,2.321,0.54,26,512.824,-6.8155,116.552,176,480
5.4,4,6,4,0,451,92,0.453,0.98,39,47.151,-9.5312,123.86,19,480
5.7,8,4,2,0,503,130,1.874,0.72,23,481.974,-7.0459,117.215,156,480
5.5,0,1,2,0,465,92,2.306,0.66,36,514.072,-6.8134,116.618,180,480
7.1,629,5,4,1,1077,139,2.377,0.72,22,500,-6.7768,116.568,180,480
5.3,5,3,4,0,434,128,3.674,0.96,63,28.833,4.2633,126.513,0,480
5.5,5,5,5,0,468,101,1.154,1.27,57,15.711,31.6412,131.796,40,540
5.7,5,3,4,0,502,166,1.739,0.75,39,28.953,29.7999,130.855,57,540
5.4,54,5,5,0,476,106,0.358,0.77,34,11.732,24.3858,121.917,45,480
6.5,6,3,3,1,652,157,1.405,0.75,17,402.166,47.1777,144.763,151,600
5.3,1,2,5,0,432,116,5.601,0.87,85,18.196,31.8881,131.341,15,540
7.1,43,8,8,0,810,252,5.748,0.74,34,24,31.7491,131.482,0,540
5.6,6,3,4,0,484,157,0.628,1.17,30,91,33.536,140.175,161,540
5.4,1,2,3,0,449,137,1.325,1.01,30,34.723,33.4887,141.284,206,540
5.7,29,7,7,0,519,319,1.171,0.53,37,9,37.4574,137.239,40,540
5.5,4,3,3,0,466,173,2.036,0.69,20,392.698,32.2768,137.61,210,540
5.4,0,0,4,0,449,297,1.08,1.09,15,59.788,26.1835,141.391,0,540
5.8,24,5,6,0,529,103,0.68,0.77,27,11.296,24.191,121.899,38,480
5.3,0,0,3,0,432,140,1.676,0.84,28,10,28.7699,142.53,0,600
6.3,101,8,8,0,731,386,1.351,0.81,29,32,33.1621,132.387,18,540
5.9,2,2,4,0,536,293,2.352,0.49,30,7.556,29.4708,131.736,147,540
5.4,0,0,3,0,449,144,1.138,0.46,48,26.386,40.9054,143.213,141,600
6.1,32,4,4,0,586,304,2.7,0.64,59,29,37.7196,141.924,77,540
5.7,6,6,5,0,503,131,0.694,0.78,24,41.798,24.1954,121.932,41,480
5.9,15,7,5,0,546,147,0.806,0.98,29,73,40.1385,141.706,7,540
5.3,0,0,3,0,432,119,2.896,1.09,25,35,24.3178,142.875,0,600
5.6,2,5,6,0,483,238,2.264,0.51,78,20,28.4231,130.134,49,540
5.6,35,6,4,0,504,122,2.4,0.78,71,44,37.1035,141.143,21,540
5.4,0,0,3,0,449,191,2.096,0.58,29,45.09,29.1913,141.553,0,540
5.9,14,4,5,0,542,147,0.416,0.88,24,10,37.8706,137.708,53,540
5.4,1,2,7,0,449,619,1.347,0.48,26,6,37.2326,136.788,11,540
5.6,0,0,7,0,482,146,0.856,0.71,50,10,37.5249,137.408,54,540
5.5,1,6,6,0,466,130,0.835,0.73,43,10,37.5575,137.384,56,540
5.6,0,0,7,0,482,148,1.296,0.52,67,10,37.2969,136.946,7,540
6.2,5,9,7,0,596,185,1.278,0.4,32,10,37.1959,136.87,8,540
7.5,413,9,9,1,2368,282,0.957,0.55,36,10,37.4976,137.242,0,540
5.8,1,4,7,0,518,279,0.968,0.47,53,10,37.5067,137.239,42,540
6.5,3,6,5,0,652,156,4.647,0.9,34,31,44.5796,148.99,115,600
5.8,11,4,4,0,522,315,0.977,0.56,54,42,41.168,142.247,82,540
5.8,1,3,4,0,518,261,5.875,0.65,37,84,45.9031,151.003,262,600
5.6,0,0,4,0,482,126,5.173,0.83,96,77.731,44.9541,149.755,148,600
5.9,51,6,4,0,565,240,0.544,0.6,35,31,24.0602,122.646,59,480
5.7,0,0,4,0,500,129,1.431,0.87,32,13.261,25.1583,125.542,46,480
5.3,1,1,3,0,432,190,5.149,0.68,53,10,29.7869,140.026,0,540
5.4,0,0,3,0,449,244,5.127,0.54,48,10,29.758,140.021,0,540
5.5,1,1,4,0,465,197,3.004,0.63,90,10,30.1289,140.022,0,540
6.1,1,1,4,0,573,91,2.968,0.92,62,10,30.044,140.005,0,540
5.7,0,0,4,0,500,187,3.023,0.48,85,10,30.0809,139.98,0,540
5.7,0,0,4,0,500,274,3.162,0.71,88,10,30.0036,139.831,0,540
5.3,0,0,3,0,432,271,3.185,0.75,46,10,29.9804,139.887,0,540
5.4,0,0,3,0,449,161,3.211,0.91,53,10,29.99,139.968,0,540
6.1,2,1,4,0,573,218,3.262,0.89,37,10,29.959,139.948,0,540
5.3,0,0,3,0,432,274,3.301,0.62,20,10,29.8673,140.048,0,540
5.5,0,0,3,0,465,129,2.997,0.76,24,8,30.786,142.041,0,540
5.6,0,0,3,0,482,122,2.701,0.54,49,10,31.0695,141.884,0,540
5.6,0,0,4,0,482,124,3.151,0.69,20,10,29.9958,140.146,0,540
5.5,0,0,4,0,465,264,3.149,0.86,30,10,30.0215,140.109,0,540
5.8,0,0,4,0,518,155,3.239,0.72,17,6,29.9105,140.053,0,540
6,1,1,4,0,554,257,3.192,0.36,27,10,29.905,139.967,0,540
5.8,0,0,4,0,518,197,4.374,0.7,45,30,44.2539,148.635,117,600
5.7,0,0,3,0,500,99,2.728,0.69,53,12.765,30.9578,141.833,0,540
5.8,0,0,3,0,518,107,2.806,0.65,98,8,31.0125,141.989,0,540
5.5,15,4,4,0,471,121,2.31,0.73,61,51,38.5129,141.641,20,540
6.3,42,4,4,0,629,165,2.324,0.84,21,176,26.4336,125.303,191,480
5.2,6,3,4,0,418,256,2.036,0.5,113,40.452,38.9566,142.101,37,540
4.9,1,2,2,0,370,206,6.253,0.66,31,10,21.7833,145.906,0,600
5.9,5,3,4,0,537,140,0.926,0.57,71,34,41.1222,142.845,0,600
5.5,0,0,4,0,465,164,1.106,0.74,60,12.851,30.7637,131.39,38,540
5.4,0,0,3,0,449,85,12.457,1.03,40,10,24.0074,143.203,0,600
5.8,1,1,2,0,518,281,2.575,0.8,37,442,42.0873,134.055,0,540
5.6,1,2,3,0,483,153,1.175,0.78,52,314,45.8086,143.124,94,600
4.8,1893,6,5,0,994,37,0.287,0.48,70,4.044,32.3984,-102.044,33,-300
5.1,2042,6,5,0,1040,24,0,0.1,38,6.1279,32.414,-102.057,34,-300
3.9,5,3,4,0,236,38,0,0.1,65,6.2024,31.647,-104.45,58,-300
4.1,4,3,4,0,260,28,0.043,0.26,67,8.814,31.6323,-104.473,60,-300
3.8,5,3,4,0,224,32,0.1,0.2,66,6.1511,31.641,-104.356,56,-300
3.3,1,3,4,0,168,34,0,0.1,70,7.0227,31.586,-104.55,61,-300
3.8,2,3,4,0,223,45,0,0.1,66,6.0999,31.663,-104.452,57,-300
3.9,1,3,4,0,234,32,0.048,0.23,67,10,31.6305,-104.466,61,-300
3.4,0,0,4,0,178,25,0.1,0.1,50,6.0999,31.608,-103.99,39,-300
3.6,0,0,4,0,199,31,0.053,0.27,75,9.724,31.6125,-103.986,37,-300
3.6,0,0,4,0,199,54,0.14,0.56,54,9.194,31.6465,-104.339,58,-300
3.3,0,0,4,0,168,34,0.1,0.2,69,6.0999,31.663,-104.37,56,-300
3.9,0,0,4,0,234,32,0.1,0.2,57,6.7664,31.663,-104.363,56,-300
3.9,3,3,5,0,235,36,0,0.1,66,6.0999,31.656,-104.457,57,-300
4.2,1,1,4,0,271,41,0.07,0.5,66,5,31.6187,-104.443,62,-300
3.8,5,5,4,0,225,18,0.1,0.1,63,8.0078,31.691,-101.701,28,-300
3.6,3,4,4,0,201,47,0.127,0.69,32,5,32.7843,-100.667,18,-300
3.6,9,5,4,0,204,13,0.1,0.1,61,3.7842,32.781,-100.703,16,-300
3.6,1,2,4,0,200,25,0.283,0.09,44,0.739,31.7045,-101.712,28,-300
3.6,2,3,4,0,200,23,0.1,0.1,63,5.9326,31.704,-101.708,28,-300
3.17,28,5,4,0,169,96,0,0.31,29,2.65,35.002,-97.6816,4,-300
5.4,15,5,4,0,456,112,1.808,1.13,80,140,16.9087,-93.8167,17,-360
3.3,0,0,4,0,168,46,0.1,0.1,57,6.4075,31.673,-104.369,55,-300
3.4,0,0,4,0,178,39,0.1,0.1,57,6.2537,31.667,-104.365,56,-300
3.5,0,0,4,0,188,33,0.1,0.3,107,9.657,31.647,-104.386,58,-300
3.6,1,2,4,0,200,38,0.112,0.68,37,1.155,32.7522,-100.646,16,-300
3.8,10,3,4,0,226,29,0.1,0.2,81,8.1299,32.744,-100.649,15,-300
4.1,53,6,5,0,288,37,0.112,0.47,36,5,32.7758,-100.685,17,-300
4.5,115,7,5,0,387,44,0.1,0.3,38,3.4424,31.475,-103.952,13,-300
4.8,171,6,6,0,459,28,0.104,0.49,37,1.534,32.7457,-100.67,16,-300
5.1,2610,6,6,0,1010,38,0.1,0.3,30,3.2959,32.746,-100.692,17,-300
4.1,10,4,5,0,263,39,0.116,0.67,36,5,32.7632,-100.653,17,-300
4,27,4,5,0,257,33,0.1,0.4,56,3.0029,32.74,-100.732,16,-300
3.4,0,0,4,0,178,50,0,0.2,56,5.4333,31.676,-104.41,55,-300
4.4,81,5,4,0,341,25,0.1,0.3,56,3.2959,32.769,-100.67,16,-300
4.9,1973,6,5,0,949,37,0.1,0.4,48,3.1982,32.753,-100.638,17,-300
4,9,4,4,0,249,20,0.11,0.51,110,6.757,31.6529,-104.373,57,-300
4.2,45,5,5,0,293,35,0,0.2,56,5.5872,31.676,-104.407,55,-300
3.7,0,0,4,0,211,63,0.426,0.64,29,6.304,32.3377,-101.052,4,-300
3.6,6,4,4,0,202,34,0.2,0.1,44,8.6182,32.33,-101.08,6,-300
3.56,8,4,4,0,198,91,0,0.19,72,6.51,36.4763,-98.8056,14,-300
3.46,6,4,4,0,187,86,0,0.21,72,6.51,36.4766,-98.8086,14,-300
3.44,2,3,3,0,183,37,0.1462,0.17,48,5.43,39.0397,-111.534,17,-360
3.5,0,0,4,0,188,32,0.1,0.1,62,5.4077,31.666,-104.192,54,-300
3.5,0,0,4,0,188,29,0.224,0.34,107,10.052,31.6677,-104.195,54,-300
3.7,0,0,4,0,211,32,0.1,0.1,61,5.946,31.669,-104.195,54,-300
3.8,0,0,4,0,222,29,0.231,0.3,112,8.828,31.6757,-104.202,55,-300
3.3,2,2,4,0,168,19,0.2,0.1,68,7.8369,32.15,-101.083,24,-300
3.4,0,0,4,0,178,39,0.1,0.1,63,6.2665,31.681,-104.183,54,-300
3.7,1,2,4,0,211,38,0,0.2,65,4.9207,31.68,-104.394,54,-300
3.9,0,0,4,0,234,43,0.114,0.69,65,5,31.594,-104.399,64,-300
3.7,0,0,4,0,211,24,0.1,0.1,61,6.0999,31.679,-104.194,55,-300
3.5,1,1,4,0,189,43,0,0.1,56,6.2408,31.69,-104.404,53,-300
4.1,9,5,4,0,263,33,0.1,0.1,65,5.9076,31.674,-104.189,55,-300
3.8,2,5,5,0,223,32,0.242,0.36,52,3.902,31.6733,-104.215,56,-300
3.9,1,2,4,0,234,19,0.1,0.1,69,7.5354,31.681,-104.201,55,-300
3.4,0,0,4,0,178,37,0.1,0.2,70,6.8433,31.616,-104.498,63,-300
3.8,276,6,4,0,382,60,0.03688,0.19,53,7.55,36.2067,-89.4772,6,-300
3.8,1,3,4,0,222,42,0.1,0.1,61,6.1383,31.667,-104.196,54,-300
3.5,0,0,4,0,188,40,0.1,0.1,61,6.5228,31.67,-104.193,54,-300
3.5,1,2,4,0,189,36,0,0.1,67,6.2024,31.667,-104.312,56,-300
3.3,0,0,4,0,168,29,0,0.1,68,6.7151,31.657,-104.315,56,-300
3.5,0,0,4,0,188,27,0.1,0.2,71,8.0737,31.588,-104.546,63,-300
3.2,0,0,4,0,158,15,0.1,0.2,80,6.0999,31.612,-104.382,61,-300
3.5,0,0,4,0,188,30,0.123,0.28,90,5,31.6125,-104.372,62,-300
3.8,0,0,5,0,222,27,0,0.2,79,8.7146,31.973,-103.318,20,-300
3.6,0,0,5,0,199,58,0.237,0.41,30,2.164,31.9487,-103.325,22,-300
3.9,0,0,4,0,234,33,0,0.2,77,7.843,31.968,-103.332,20,-300
5.4,1,1,3,0,449,85,2.017,0.78,174,10,18.2141,-105.628,142,-420
5.6,7,3,7,0,485,26,2.062,0.63,197,10,26.2173,-110.508,64,-420
3.3,1,3,4,0,168,37,0.1,0.2,69,3.9722,31.583,-104.543,62,-300
4.4,147,6,5,0,385,15,0,0,56,4.7363,32.318,-101.82,21,-300
3.2,0,0,4,0,158,18,0,0.2,75,7.4841,31.585,-104.551,61,-300
3.4,0,0,4,0,178,17,1.486,0.55,164,10,31.0767,-107.436,51,-360
3.5,0,0,5,0,188,36,0.302,0.63,69,5,32.4267,-102.098,36,-360
3.8,12,4,4,0,227,56,0.1,0.2,86,6.2744,32.427,-102.121,37,-360
3.3,0,0,4,0,168,27,0,0.2,68,6.2024,31.682,-104.401,54,-360
3.3,0,0,4,0,168,24,0,0.1,54,6.933,31.618,-103.986,37,-360
3.5,0,0,4,0,188,18,0,0.1,49,6.51,31.613,-103.977,36,-360
3.9,4,3,4,0,235,28,0,0.1,58,8.4454,31.611,-103.99,37,-360
3.5,11,6,5,0,195,80,0.587,0.6,33,2.146,32.7004,-104.39,6,-420
3.5,15,5,4,0,195,20,0.1,0.4,79,6.3232,28.973,-98.038,1,-360
4,83,4,4,0,283,56,0.236,0.6,43,4.944,32.6365,-104.384,15,-420
3.3,0,0,4,0,168,23,0,0.1,58,7.2791,31.656,-104.311,57,-360
3.6,0,0,4,0,199,32,0.187,0.45,65,5,31.646,-104.283,59,-360
3.7,23,5,5,0,221,25,0.1,0.3,63,3.6865,29.001,-97.965,5,-360
3.7,1,2,4,0,211,36,0,0.1,33,6.8561,31.639,-104.011,40,-360
3.7,7,3,5,0,213,13,0,0.3,74,8.3252,28.963,-97.936,8,-360
4.7,304,5,6,0,504,41,0.188,1.4,59,2.841,28.9405,-97.9993,5,-360
4.7,434,5,6,0,570,28,0,0.3,69,2.1973,28.954,-98.001,3,-360
4.3,52,5,6,0,310,38,0.228,1.13,62,3,28.9866,-98.0212,0,-360
4.4,68,5,6,0,333,25,0,0.2,68,8.4473,28.954,-98.005,3,-360
3.9,21,5,4,0,244,29,0.179,0.89,71,10.756,28.9777,-97.9583,5,-360
3.9,41,4,5,0,251,23,0,0.2,70,7.9346,28.955,-98.01,3,-360
3.9,3,2,4,0,235,66,0,0.2,69,6.1316,31.68,-104.416,55,-360
3.5,1,3,4,0,189,27,0,0.2,61,6.0999,31.655,-104.398,57,-360
3.8,10,4,4,0,226,25,0.163,0.83,64,11.915,28.9496,-97.9596,6,-360
3.7,13,4,5,0,216,15,0.1,0.2,68,5.3556,28.957,-98.008,3,-360
4,248,5,3,0,380,56,2.011,0.73,121,7.991,28.5574,-78.9438,171,-300
5.06,26434,7,7,0,1084,64,0,0.25,98,3,35.5343,-96.7638,8,-360
5.4,2869,7,4,0,1099,94,1.009,0.48,28,17.533,37.9845,-9.538,52,-60
5.4,248,9,6,0,664,196,0.673,0.88,29,16.067,42.9936,18.6796,22,60
5.7,5,3,3,0,501,74,2.015,1.17,37,222.966,-19.1251,-67.3038,61,-240
5.5,2,4,3,0,466,47,2.152,1.24,42,267.235,-22.2935,-65.9607,43,-180
7.4,211,7,7,1,994,119,0.336,1.06,19,127.291,-23.1243,-67.8715,41,-240
5.6,4,3,4,0,484,301,0.225,0.78,31,176,-17.4037,-69.4991,67,-300
5.8,3,5,6,0,519,222,4.06,0.45,120,23,-15.5726,-74.7689,24,-300
5.4,2,4,4,0,449,94,4.376,0.59,101,13.49,-15.9895,-74.7421,59,-300
5.4,6,6,5,0,452,62,4.554,0.87,132,21.807,-16.1686,-74.3463,30,-300
6.1,11,7,6,0,580,138,4.606,0.71,89,18,-16.1219,-74.5791,34,-300
7.2,120,8,8,1,897,105,4.675,0.93,46,24,-15.8106,-74.4447,10,-300
5.5,9,4,4,0,469,154,2.741,0.54,33,106.228,-3.8887,-76.6968,53,-300
6,18,7,6,0,567,115,4.499,0.93,65,27,-15.9192,-74.5392,10,-300
6.5,5,3,2,0,652,237,6.526,0.86,40,621.081,-8.2154,-71.3672,70,-300
5.3,1,2,4,0,432,99,0.875,1.3,38,113.11,-22.1579,-68.682,41,-180
5.3,1,2,3,0,432,108,1.46,0.99,33,202.477,-23.3523,-66.6742,100,-180
6.6,4,4,3,0,672,185,7.065,0.69,36,607,-7.3193,-71.5055,123,-300
5.4,0,0,3,0,449,221,1.379,0.69,32,175.245,-21.9201,-67.253,128,-240
5.6,21,6,6,0,494,271,0.404,0.86,51,61.708,-21.9025,-70.2778,21,-180
6.2,31,6,5,0,609,184,3.253,0.79,70,93,-15.9595,-72.6028,11,-300
5.5,1,1,3,0,465,466,2.773,0.63,51,191.769,-24.1126,-66.8382,49,-180
5.7,4,5,5,0,502,88,2.355,0.6,131,14,-14.3528,-76.474,53,-300
5.8,25,5,4,0,529,158,0.45,0.99,68,112,-19.1959,-69.0592,28,-180
6,5,4,4,0,556,123,1.774,0.81,35,253,-22.8844,-66.2242,61,-180
5.6,1,5,1,0,483,256,4.179,0.77,35,571.448,-23.6067,-63.6564,60,-180
5.7,0,0,4,0,500,131,1.08,0.77,50,8,-27.3252,-71.5543,122,-300
5.3,16,5,4,0,440,97,0.985,0.55,37,110.914,-20.6514,-68.5222,0,-180
5.5,1,4,5,0,466,106,0.755,0.81,107,21.043,-27.1542,-71.2479,86,-300
6.2,2,1,2,0,592,201,4.581,0.64,34,554,-26.9212,-63.3389,17,-180
5.4,37,7,4,0,476,310,2.017,0.78,138,40.35,-3.2512,-79.8994,6,-300
5.4,1,6,4,0,449,94,4.413,0.67,101,23.218,-16.1071,-75.0833,78,-300
5.8,6,3,4,0,519,270,0.933,0.96,32,135,-23.9264,-67.9077,108,-240
5.5,5,5,5,0,468,101,1.154,1.27,57,15.711,31.6412,131.796,40,540
5.7,5,3,4,0,502,166,1.739,0.75,39,28.953,29.7999,130.855,57,540
6.1,60,5,6,0,601,144,0.451,0.6,17,14,23.784,121.759,30,480
5.4,54,5,5,0,476,106,0.358,0.77,34,11.732,24.3858,121.917,45,480
6.5,6,3,3,1,652,157,1.405,0.75,17,402.166,47.1777,144.763,151,600
5.3,1,2,5,0,432,116,5.601,0.87,85,18.196,31.8881,131.341,15,540
7.1,43,8,8,0,810,252,5.748,0.74,34,24,31.7491,131.482,0,540
5.6,6,3,4,0,484,157,0.628,1.17,30,91,33.536,140.175,161,540
5.4,1,2,3,0,449,137,1.325,1.01,30,34.723,33.4887,141.284,206,540
5.7,29,7,7,0,519,319,1.171,0.53,37,9,37.4574,137.239,40,540
5.5,4,3,3,0,466,173,2.036,0.69,20,392.698,32.2768,137.61,210,540
5.4,0,0,4,0,449,297,1.08,1.09,15,59.788,26.1835,141.391,0,540
5.8,24,5,6,0,529,103,0.68,0.77,27,11.296,24.191,121.899,38,480
5.2,30,8,5,0,440,124,0.413,0.97,35,28.949,23.7143,121.588,27,480
5.6,36,6,6,0,502,121,0.427,0.84,35,23.605,23.7257,121.581,28,480
5.2,26,5,4,0,430,252,0.506,0.76,21,40.475,24.2257,121.706,29,480
5.7,150,5,5,0,581,259,0.581,0.54,22,37.767,24.1449,121.674,20,480
5.3,0,0,3,0,432,140,1.676,0.84,28,10,28.7699,142.53,0,600
5.8,10,8,6,0,525,275,0.513,0.72,24,12,23.8026,121.676,22,480
5.4,0,0,6,0,449,209,0.503,0.67,35,8.991,23.808,121.634,22,480
5.4,0,0,5,0,449,223,0.38,0.63,35,5.83,23.698,121.574,35,480
5.5,2,3,6,0,466,115,0.392,0.67,67,17,23.6512,121.606,35,480
6.1,82,7,8,0,711,120,0.526,0.65,22,10,23.8672,121.538,13,480
6.1,66,7,7,1,621,119,0.462,0.76,35,9,23.7241,121.641,29,480
5.8,77,5,6,0,556,121,0.42,0.74,44,8,23.7288,121.562,27,480
5.6,22,5,6,0,493,97,0.435,0.87,35,10,23.7158,121.63,30,480
5,0,0,6,0,385,53,0.454,1.27,73,10,23.7229,121.638,28,480
6.3,101,8,8,0,731,386,1.351,0.81,29,32,33.1621,132.387,18,540
5.9,2,2,4,0,536,293,2.352,0.49,30,7.556,29.4708,131.736,147,540
5.4,0,0,3,0,449,144,1.138,0.46,48,26.386,40.9054,143.213,141,600
6.1,32,4,4,0,586,304,2.7,0.64,59,29,37.7196,141.924,77,540
5.7,6,6,5,0,503,131,0.694,0.78,24,41.798,24.1954,121.932,41,480
5.7,2,3,5,0,500,63,0.595,0.62,67,26.363,23.7873,121.784,27,480
5.3,0,1,5,0,432,99,0.606,0.69,41,16.869,23.8555,121.803,28,480
5.6,0,0,6,0,482,135,0.591,0.72,27,14.297,24.1465,121.743,24,480
5.3,0,0,6,0,432,109,0.619,0.7,52,10.789,23.9598,121.595,2,480
5.6,2,7,6,0,484,115,0.594,0.69,49,15.864,24.1609,121.71,21,480
6.4,49,8,7,0,667,183,0.63,0.77,50,13.931,24.0651,121.673,15,480
7.4,638,9,8,1,1423,322,0.337,0.93,17,40,23.819,121.562,15,480
5.9,15,7,5,0,546,147,0.806,0.98,29,73,40.1385,141.706,7,540
5.3,0,0,3,0,432,119,2.896,1.09,25,35,24.3178,142.875,0,600
5.6,2,5,6,0,483,238,2.264,0.51,78,20,28.4231,130.134,49,540
5.6,35,6,4,0,504,122,2.4,0.78,71,44,37.1035,141.143,21,540
5.4,0,0,3,0,449,191,2.096,0.58,29,45.09,29.1913,141.553,0,540
5.9,14,4,5,0,542,147,0.416,0.88,24,10,37.8706,137.708,53,540
5.4,1,2,7,0,449,619,1.347,0.48,26,6,37.2326,136.788,11,540
5.6,0,0,7,0,482,146,0.856,0.71,50,10,37.5249,137.408,54,540
5.5,1,6,6,0,466,130,0.835,0.73,43,10,37.5575,137.384,56,540
5.6,0,0,7,0,482,148,1.296,0.52,67,10,37.2969,136.946,7,540
6.2,5,9,7,0,596,185,1.278,0.4,32,10,37.1959,136.87,8,540
7.5,413,9,9,1,2368,282,0.957,0.55,36,10,37.4976,137.242,0,540
5.8,1,4,7,0,518,279,0.968,0.47,53,10,37.5067,137.239,42,540
5.8,11,4,4,0,522,315,0.977,0.56,54,42,41.168,142.247,82,540
5.9,51,6,4,0,565,240,0.544,0.6,35,31,24.0602,122.646,59,480
5.7,0,0,4,0,500,129,1.431,0.87,32,13.261,25.1583,125.542,46,480
5.3,1,1,3,0,432,190,5.149,0.68,53,10,29.7869,140.026,0,540
5.4,0,0,3,0,449,244,5.127,0.54,48,10,29.758,140.021,0,540
5.5,1,1,4,0,465,197,3.004,0.63,90,10,30.1289,140.022,0,540
6.1,1,1,4,0,573,91,2.968,0.92,62,10,30.044,140.005,0,540
5.7,0,0,4,0,500,187,3.023,0.48,85,10,30.0809,139.98,0,540
5.7,0,0,4,0,500,274,3.162,0.71,88,10,30.0036,139.831,0,540
5.3,0,0,3,0,432,271,3.185,0.75,46,10,29.9804,139.887,0,540
5.4,0,0,3,0,449,161,3.211,0.91,53,10,29.99,139.968,0,540
6.1,2,1,4,0,573,218,3.262,0.89,37,10,29.959,139.948,0,540
5.3,0,0,3,0,432,274,3.301,0.62,20,10,29.8673,140.048,0,540
5.5,0,0,3,0,465,129,2.997,0.76,24,8,30.786,142.041,0,540
5.6,0,0,3,0,482,122,2.701,0.54,49,10,31.0695,141.884,0,540
5.6,0,0,4,0,482,124,3.151,0.69,20,10,29.9958,140.146,0,540
5.5,0,0,4,0,465,264,3.149,0.86,30,10,30.0215,140.109,0,540
5.8,0,0,4,0,518,155,3.239,0.72,17,6,29.9105,140.053,0,540
6,1,1,4,0,554,257,3.192,0.36,27,10,29.905,139.967,0,540
5.7,0,0,3,0,500,99,2.728,0.69,53,12.765,30.9578,141.833,0,540
5.8,0,0,3,0,518,107,2.806,0.65,98,8,31.0125,141.989,0,540
5.5,15,4,4,0,471,121,2.31,0.73,61,51,38.5129,141.641,20,540
6.3,42,4,4,0,629,165,2.324,0.84,21,176,26.4336,125.303,191,480
5.2,6,3,4,0,418,256,2.036,0.5,113,40.452,38.9566,142.101,37,540
5.9,5,3,4,0,537,140,0.926,0.57,71,34,41.1222,142.845,0,600
5.5,0,0,4,0,465,164,1.106,0.74,60,12.851,30.7637,131.39,38,540
5.4,48,9,7,0,2044,199,2.789,0.65,27,18,37.1933,116.381,24,480
5.4,0,0,3,0,449,85,12.457,1.03,40,10,24.0074,143.203,0,600
5.8,1,1,2,0,518,281,2.575,0.8,37,442,42.0873,134.055,0,540
5.6,1,2,3,0,483,153,1.175,0.78,52,314,45.8086,143.124,94,600
3.8,827,5,5,0,603,142,1.261,0.66,60,1.108,45.9997,-72.8106,5,-240
3.17,28,5,4,0,169,96,0,0.31,29,2.65,35.002,-97.6816,4,-300
3.56,8,4,4,0,198,91,0,0.19,72,6.51,36.4763,-98.8056,14,-300
3.46,6,4,4,0,187,86,0,0.21,72,6.51,36.4766,-98.8086,14,-300
3.8,276,6,4,0,382,60,0.03688,0.19,53,7.55,36.2067,-89.4772,6,-300
3.7,12589,5,4,0,721,34,0.676,0.31,106,4.111,40.6849,-74.7347,7,-240
4.8,183786,6,6,1,904,245,0.684,0.63,54,2.624,40.6834,-74.7526,0,-240
5.06,26434,7,7,0,1084,64,0,0.25,98,3,35.5343,-96.7638,8,-360
5.1,382,6,7,0,614,62,0.268,0.8,43,6,35.5346,-96.7337,6,-360
3.6,35,4,4,0,214,14,0.779,0.27,87,8.879,32.1319,-93.3123,4,-360
4.1,1735,5,5,0,759,98,0,0.13,39,6.58,35.6715,-97.41,6,-360
4.5,205,5,6,0,410,32,0.041,0.15,38,6.354,35.6697,-97.417,5,-360
4.26,3577,5,6,0,809,96,0,0.14,21,6.71,35.6658,-97.3982,6,-360
3.4,41,4,4,0,193,12,0.747,0.24,87,5.03,39.0875,-97.5686,6,-360
3.8,418,5,4,0,423,80,0.03771,0.19,58,11.2,35.7697,-90.1955,6,-360
3.5,28,5,5,0,202,41,1.246,0.81,31,5,40.1656,-98.2907,10,-360
3.6,562,5,4,0,452,64,0.689,0.45,28,5.688,41.241,-89.1766,1,-360
4,258,6,5,0,398,49,0.8,0.44,37,5,39.0497,-97.6164,4,-360
3.68,66,5,4,0,241,97,0,0.36,47,19.89,34.4833,-97.7798,9,-300
3.6,1404,5,5,0,739,86,0.829,0.71,47,5,41.7428,-81.0135,7,-240
5.7,3,4,4,0,501,88,1.087,1.27,36,123,-28.6825,-69.3728,122,-180
5.5,2,4,3,0,466,47,2.152,1.24,42,267.235,-22.2935,-65.9607,43,-180
7.4,211,7,7,1,994,119,0.336,1.06,19,127.291,-23.1243,-67.8715,41,-240
5.8,26,5,6,0,529,141,0.642,0.56,72,28,-28.9162,-71.5264,73,-180
5.4,2,3,5,0,449,307,0.19,0.73,56,33.936,-28.229,-71.3898,63,-180
5.3,1,2,4,0,432,99,0.875,1.3,38,113.11,-22.1579,-68.682,41,-180
5.4,0,0,4,0,449,136,0.857,0.85,111,10,-30.2226,-72.2289,84,-300
5.3,1,2,3,0,432,108,1.46,0.99,33,202.477,-23.3523,-66.6742,100,-180
5.4,0,0,3,0,449,221,1.379,0.69,32,175.245,-21.9201,-67.253,128,-240
5.5,0,0,4,0,465,124,1.743,1.19,29,117,-28.4553,-68.9432,68,-180
5.8,13,4,5,0,523,72,1.437,1.12,131,16,-38.0756,-73.8819,53,-300
5.6,21,6,6,0,494,271,0.404,0.86,51,61.708,-21.9025,-70.2778,21,-180
5.5,1,1,3,0,465,466,2.773,0.63,51,191.769,-24.1126,-66.8382,49,-180
6.6,71,7,7,1,719,169,0.685,0.52,32,34,-28.7457,-71.5726,80,-180
5.4,3,4,4,0,450,147,0.492,0.66,51,101.15,-28.6909,-70.3075,50,-180
6,5,4,4,0,556,123,1.774,0.81,35,253,-22.8844,-66.2242,61,-180
5.6,1,5,1,0,483,256,4.179,0.77,35,571.448,-23.6067,-63.6564,60,-180
5.7,0,0,4,0,500,131,1.08,0.77,50,8,-27.3252,-71.5543,122,-300
5.3,16,5,4,0,440,97,0.985,0.55,37,110.914,-20.6514,-68.5222,0,-180
5.5,1,4,5,0,466,106,0.755,0.81,107,21.043,-27.1542,-71.2479,86,-300
6.3,80,6,6,0,660,340,0.412,0.74,19,36,-30.2775,-71.536,38,-180
6.2,2,1,2,0,592,201,4.581,0.64,34,554,-26.9212,-63.3389,17,-180
6.2,1,1,2,0,591,248,4.325,0.56,33,575,-28.2143,-63.1854,0,-180
6.6,350,7,4,0,901,134,1.61,0.63,18,186,-38.1911,-70.3731,19,-180
5.7,137,6,5,0,577,126,0.257,0.76,34,99,-33.2122,-70.3268,30,-240
5.8,6,3,4,0,519,270,0.933,0.96,32,135,-23.9264,-67.9077,108,-240
5.6,11,7,6,0,490,73,1.138,0.6,43,16,39.9972,35.9796,11,180
5.8,30,7,5,0,539,209,0.553,1.16,32,26.873,37.3286,21.3156,34,60
5.4,248,9,6,0,664,196,0.673,0.88,29,16.067,42.9936,18.6796,22,60
5.4,65,4,4,0,477,228,1.869,1.14,30,39.269,41.1549,49.7415,44,180
4.8,1,3,5,0,355,70,2.656,0.8,56,10,32.797,47.6372,28,210
5.2,12,6,6,0,423,114,0.832,0.87,30,10,38.2787,38.2053,5,180
5.5,29,6,6,0,484,113,0.315,0.41,56,13.116,37.5831,35.9568,18,180
5.3,116,7,4,0,515,103,2.392,0.96,31,53,41.746,49.2837,49,180
5.4,2869,7,4,0,1099,94,1.009,0.48,28,17.533,37.9845,-9.538,52,-60
5.8,30,7,5,0,539,209,0.553,1.16,32,26.873,37.3286,21.3156,34,60
5.4,248,9,6,0,664,196,0.673,0.88,29,16.067,42.9936,18.6796,22,60
5.4,12,4,4,0,454,105,0.554,0.44,58,10,11.7428,43.3665,27,180
5.4,0,0,3,0,449,172,4.614,0.51,38,10,12.3388,47.4968,151,180
5.6,0,0,4,0,482,121,4.565,0.57,27,9,12.2855,47.4426,150,180
5.2,1,4,7,0,416,141,7.216,0.82,41,9.462,-7.3035,27.9327,177,120
5.5,4,4,7,0,467,117,4.348,0.58,29,7,-5.4123,34.9183,39,180
5.5,0,0,4,0,465,87,9.602,0.56,42,10,0.9561,-29.0181,0,-120
5.4,102,8,6,0,534,102,3.326,1.13,51,10,31.1773,70.6295,31,300
5.4,6,4,4,0,451,110,2.669,0.75,34,224.338,36.543,71.2681,28,270
5.1,2,3,5,0,401,176,1.34,0.68,70,29.068,40.14,77.0348,113,480
5.5,0,0,7,0,465,209,6.438,0.59,25,10,33.5485,81.8909,0,480
5.4,0,0,6,0,449,278,2.696,0.44,25,8,42.0113,82.6416,34,480
5.3,14,4,7,0,438,162,7.784,1.02,73,6,29.7252,65.3575,68,270
5.5,12,5,7,0,472,279,5.769,0.55,22,8,29.7645,65.3645,64,270
5.1,0,0,4,0,400,102,3.527,0.43,66,38.577,27.1043,59.3301,60,210
5.4,14,4,6,0,455,133,0.592,0.7,30,10,41.1648,78.4389,130,480
5.7,10,3,7,0,653,326,0.821,0.56,24,10,41.1867,78.7155,128,480
5.3,2,4,7,0,433,100,0.348,0.61,47,3.426,41.2706,78.8219,119,480
5.1,4,4,6,0,402,233,0.367,0.48,23,7.148,41.2186,78.724,121,480
5.5,2,5,7,0,466,133,0.432,0.65,59,10,41.1979,78.6168,128,480
5.4,3,4,6,0,450,99,0.382,0.63,75,10,41.3326,78.7686,124,480
5.8,2,8,7,0,652,142,0.454,0.53,59,10,41.2946,78.6076,129,480
7,482,9,9,0,2419,121,0.428,0.64,29,13,41.2938,78.5937,128,480
6.4,111,5,4,0,687,140,3.122,1.02,17,204,36.5061,70.5994,45,270
5.1,8,5,6,0,404,119,3.023,0.97,32,10,33.2109,76.7733,31,330
5.3,1,3,7,0,432,267,1.205,0.63,24,7.204,40.5164,77.7055,0,480
5.7,372,7,8,0,922,232,2.95,0.94,21,12,28.8879,82.195,43,345
5.2,87,4,5,0,453,101,1.848,0.82,29,25.706,27.8679,84.7191,36,345
5.3,5,4,7,0,652,147,2.775,0.69,45,10,27.7439,56.0776,62,210
5,2,5,6,0,386,115,2.734,0.74,45,10,27.6888,56.0903,57,210
5.5,7,4,7,0,468,127,2.748,0.68,38,10,27.7363,56.1369,58,210
5.4,0,0,7,0,650,111,4.642,0.81,22,10,34.6012,62.1031,26,270
6.3,28,8,8,0,1023,125,5.708,0.92,21,9,34.6171,62.0517,34,270
6.3,54,7,8,0,2037,423,4.645,0.7,21,8,34.5798,62.0717,24,270
5.9,3,5,7,0,652,227,5.81,0.59,43,12.48,34.6391,62.0327,35,270
6.3,11,9,8,0,1010,244,5.904,0.5,43,8,34.5492,61.884,25,270
5.4,0,0,7,0,650,165,5.858,0.47,54,10.257,34.5414,61.9547,26,270
6.3,19,8,8,0,1014,279,5.872,0.58,43,14,34.6259,61.926,32,270
5.7,131,8,7,0,605,226,3.93,0.33,23,13,29.5163,81.2118,39,345
5.8,25,5,4,0,531,211,2.347,0.88,15,209,36.4512,70.7023,47,270
